frame,time_s,knee_angle_left,knee_angle_right,hip_angle_left,hip_angle_right,trunk_lean_deg,hip_y,knee_forward_x,asymmetry_knee,key_visibility
0,0.0,173.1682586669922,170.6666717529297,150.52169799804688,158.927001953125,-3.2571961879730225,0.4667227864265442,-0.004570126533508301,2.5015869140625,0.9957466125488281
1,0.0335,172.69970703125,170.97579956054688,151.00277709960938,158.53729248046875,-3.0211620330810547,0.4662643074989319,-0.003414154052734375,1.723907470703125,0.9956823587417603
2,0.067,172.79776000976562,171.19654846191406,151.44239807128906,158.51551818847656,-2.9136252403259277,0.4666760563850403,-0.0030120015144348145,1.6012115478515625,0.9957181215286255
3,0.1005,172.16162109375,170.57955932617188,151.4224395751953,157.76177978515625,-2.7577993869781494,0.46625375747680664,-0.0025879740715026855,1.582061767578125,0.9956985712051392
4,0.134,172.07408142089844,170.6890411376953,151.40838623046875,157.4569854736328,-2.640184164047241,0.4667988121509552,-0.00237959623336792,1.385040283203125,0.9957238435745239
5,0.1675,171.46717834472656,170.58058166503906,151.229736328125,157.35647583007812,-2.6130473613739014,0.46694332361221313,-0.001981377601623535,0.8865966796875,0.9956444501876831
6,0.201,171.4352264404297,170.61212158203125,151.24822998046875,157.19432067871094,-2.558999538421631,0.46692955493927,-0.0018242597579956055,0.8231048583984375,0.9955670833587646
7,0.2345,171.10130310058594,170.70970153808594,151.15272521972656,157.0443115234375,-2.5108158588409424,0.467077374458313,-0.0014643073081970215,0.3916015625,0.9955999851226807
8,0.268,171.28317260742188,170.98854064941406,151.12355041503906,156.98936462402344,-2.5359673500061035,0.46703535318374634,-0.0013259649276733398,0.2946319580078125,0.9956341981887817
9,0.3015,170.72589111328125,170.6529083251953,151.0407257080078,156.70423889160156,-2.466615676879883,0.46745479106903076,-0.0010514259338378906,0.0729827880859375,0.9955463409423828
10,0.335,170.4720916748047,170.4170379638672,151.0943145751953,156.6187744140625,-2.4035661220550537,0.467549592256546,-0.0010224580764770508,0.0550537109375,0.9955110549926758
11,0.3685,169.93661499023438,170.53695678710938,151.01438903808594,156.5995330810547,-2.3390374183654785,0.4676244258880615,-0.0005601644515991211,0.600341796875,0.9954795241355896
12,0.402,170.4816131591797,170.72901916503906,151.27633666992188,156.45216369628906,-2.29168963432312,0.46713268756866455,-0.000584721565246582,0.247406005859375,0.9955310821533203
13,0.4356,170.28294372558594,170.64369201660156,151.16696166992188,156.30157470703125,-2.2079505920410156,0.46728575229644775,-0.000630795955657959,0.360748291015625,0.9954978823661804
14,0.4691,170.1631622314453,171.08448791503906,151.18357849121094,156.1592254638672,-2.017965078353882,0.4669589400291443,-0.0003146529197692871,0.92132568359375,0.995456337928772
15,0.5026,170.1812286376953,171.11476135253906,151.42996215820312,155.96485900878906,-1.8559212684631348,0.4665490686893463,-0.0001888275146484375,0.93353271484375,0.9955226182937622
16,0.5361,170.66314697265625,171.28518676757812,151.95448303222656,155.98052978515625,-1.7000439167022705,0.4668309688568115,-0.00030612945556640625,0.622039794921875,0.995545506477356
17,0.5696,170.44122314453125,171.40853881835938,151.8303680419922,156.17735290527344,-1.7250992059707642,0.46692657470703125,-0.00023692846298217773,0.967315673828125,0.9955388307571411
18,0.6031,170.1485595703125,171.65126037597656,151.78126525878906,156.2205352783203,-1.5937350988388062,0.4670058488845825,-5.5730342864990234e-05,1.5027008056640625,0.9955008029937744
19,0.6366,169.70127868652344,171.8037567138672,151.51724243164062,156.2069091796875,-1.5311740636825562,0.4666931629180908,0.00015032291412353516,2.10247802734375,0.9954934120178223
20,0.6701,170.26724243164062,171.9069366455078,151.76168823242188,156.08590698242188,-1.3889718055725098,0.46685096621513367,-0.000249326229095459,1.6396942138671875,0.995553195476532
21,0.7036,169.8293914794922,171.8283233642578,151.31797790527344,156.0667266845703,-1.399307131767273,0.46700018644332886,-0.000306546688079834,1.998931884765625,0.995552659034729
22,0.7371,169.88534545898438,171.78761291503906,151.3793182373047,155.81044006347656,-1.2881438732147217,0.46671485900878906,-0.0002862215042114258,1.9022674560546875,0.9955347776412964
23,0.7706,169.83644104003906,171.50845336914062,151.0758056640625,155.89407348632812,-1.4188618659973145,0.46716612577438354,-0.0006502270698547363,1.6720123291015625,0.995505690574646
24,0.8041,169.9683837890625,171.8502960205078,150.9934844970703,155.89523315429688,-1.3742456436157227,0.4666731357574463,-0.0006070137023925781,1.8819122314453125,0.9955312013626099
25,0.8376,169.3040771484375,171.7503204345703,150.32058715820312,156.2563934326172,-1.5476785898208618,0.4665476083755493,-0.0007444024085998535,2.4462432861328125,0.9954933524131775
26,0.8711,169.1411895751953,171.7404022216797,150.0878143310547,156.30418395996094,-1.6261563301086426,0.46691271662712097,-0.0007417201995849609,2.599212646484375,0.9953359961509705
27,0.9046,169.06190490722656,171.56607055664062,150.1336212158203,156.1757354736328,-1.5495682954788208,0.46653836965560913,-0.0008231997489929199,2.5041656494140625,0.9953371286392212
28,0.9381,169.1954345703125,171.18313598632812,150.4427032470703,155.8967742919922,-1.426469087600708,0.46705952286720276,-0.0009937882423400879,1.987701416015625,0.995309591293335
29,0.9716,170.07711791992188,170.7617645263672,151.0780029296875,155.21994018554688,-1.1638872623443604,0.4637255072593689,-0.0014981627464294434,0.6846466064453125,0.9953978061676025
30,1.0051,169.64273071289062,169.71107482910156,150.84718322753906,155.0012969970703,-1.374842882156372,0.46463316679000854,-0.001700758934020996,0.0683441162109375,0.9952365159988403
31,1.0386,169.22032165527344,168.32769775390625,150.69711303710938,154.39820861816406,-1.367364525794983,0.465445339679718,-0.002180933952331543,0.8926239013671875,0.9951704740524292
32,1.0721,168.68624877929688,166.97219848632812,150.88510131835938,153.5281982421875,-1.118576169013977,0.46553295850753784,-0.0024071931838989258,1.71405029296875,0.9950709342956543
33,1.1056,167.55345153808594,165.14100646972656,150.6145477294922,152.4470977783203,-0.9204972982406616,0.46664273738861084,-0.002648472785949707,2.412445068359375,0.9950474500656128
34,1.1391,166.4372100830078,163.41009521484375,149.10174560546875,152.00746154785156,-1.1304585933685303,0.4674180746078491,-0.003913402557373047,3.0271148681640625,0.9956763982772827
35,1.1726,165.45538330078125,161.1691436767578,148.8346710205078,150.2249298095703,-0.7291893362998962,0.4680067002773285,-0.004369795322418213,4.2862396240234375,0.9957642555236816
36,1.2061,164.3487091064453,159.63900756835938,147.672119140625,150.14276123046875,-1.0562434196472168,0.46854835748672485,-0.005189239978790283,4.7097015380859375,0.9959012269973755
37,1.2396,162.8154296875,157.55506896972656,147.0905303955078,150.0946807861328,-1.518384575843811,0.471407413482666,-0.005316436290740967,5.2603607177734375,0.9958596229553223
38,1.2732,161.0894775390625,153.48695373535156,145.26417541503906,148.9114532470703,-2.153687000274658,0.47217559814453125,-0.007040500640869141,7.6025238037109375,0.9957990646362305
39,1.3067,159.61962890625,150.36119079589844,144.79273986816406,147.3663330078125,-2.029730796813965,0.4749687910079956,-0.007837533950805664,9.258438110351562,0.9958308935165405
40,1.3402,156.94459533691406,147.83741760253906,143.95864868164062,145.43798828125,-1.2862759828567505,0.4772030711174011,-0.00796806812286377,9.107177734375,0.9957802295684814
41,1.3737,154.2681884765625,143.40396118164062,143.34043884277344,142.75167846679688,-1.053555965423584,0.47904735803604126,-0.008180022239685059,10.864227294921875,0.9958443641662598
42,1.4072,152.7317657470703,139.06704711914062,143.3256378173828,139.27398681640625,-0.6132305264472961,0.48143884539604187,-0.008617103099822998,13.664718627929688,0.9958835244178772
43,1.4407,150.7952880859375,134.6134796142578,142.76443481445312,135.88719177246094,0.23303797841072083,0.48458826541900635,-0.010022640228271484,16.181808471679688,0.9959267973899841
44,1.4742,149.9939727783203,133.21392822265625,142.14353942871094,134.2591552734375,0.3745900094509125,0.48710888624191284,-0.009935498237609863,16.780044555664062,0.995768666267395
45,1.5077,148.68414306640625,132.158935546875,141.73065185546875,133.35157775878906,0.508484959602356,0.4894465208053589,-0.009372293949127197,16.52520751953125,0.995732307434082
46,1.5412,147.47422790527344,129.21755981445312,142.0828399658203,131.0705108642578,1.1166276931762695,0.49309277534484863,-0.00964975357055664,18.256668090820312,0.995685338973999
47,1.5747,146.0704345703125,128.27732849121094,140.76783752441406,129.07797241210938,1.5707285404205322,0.4959303140640259,-0.009421944618225098,17.793106079101562,0.9956190586090088
48,1.6082,143.3713836669922,126.38703155517578,139.08514404296875,128.30776977539062,1.3581172227859497,0.4989169239997864,-0.009161055088043213,16.984352111816406,0.9955838918685913
49,1.6417,141.94313049316406,124.34380340576172,138.9711151123047,125.25251007080078,2.3113725185394287,0.5019212961196899,-0.008864104747772217,17.599327087402344,0.9952245950698853
50,1.6752,83.04168701171875,72.73636627197266,112.61866760253906,106.45687103271484,-6.47117805480957,0.5340092182159424,-0.014346718788146973,10.305320739746094,0.33522677421569824
51,1.7087,139.26951599121094,121.05071258544922,135.55955505371094,124.36888885498047,1.4032087326049805,0.507535457611084,-0.009847879409790039,18.21880340576172,0.9951490163803101
52,1.7422,137.27882385253906,118.766357421875,134.2216033935547,122.50885009765625,1.6711242198944092,0.5112782716751099,-0.01010143756866455,18.512466430664062,0.9951936602592468
53,1.7757,134.57785034179688,116.12286376953125,132.25511169433594,121.19110107421875,1.3837727308273315,0.5154627561569214,-0.010234594345092773,18.454986572265625,0.9951484799385071
54,1.8092,134.49884033203125,114.81877899169922,131.0758056640625,120.92757415771484,0.8075401186943054,0.5174949169158936,-0.01099240779876709,19.68006134033203,0.9951440095901489
55,1.8427,134.5485382080078,112.91887664794922,130.99110412597656,119.40078735351562,1.0790711641311646,0.5199167132377625,-0.011974215507507324,21.629661560058594,0.995194673538208
56,1.8762,134.40029907226562,111.4068603515625,130.4263916015625,119.01276397705078,1.0668760538101196,0.5227473974227905,-0.012837827205657959,22.993438720703125,0.9948175549507141
57,1.9097,133.44322204589844,108.80313873291016,130.1260223388672,117.74891662597656,1.165568470954895,0.5260938405990601,-0.013348400592803955,24.64008331298828,0.9944950342178345
58,1.9432,134.44052124023438,108.22042846679688,130.7476043701172,114.80718231201172,2.114872455596924,0.5265450477600098,-0.013235688209533691,26.2200927734375,0.9945694208145142
59,1.9767,133.82765197753906,107.13211059570312,129.0381622314453,114.17251586914062,1.6478826999664307,0.5296784043312073,-0.013710856437683105,26.695541381835938,0.9945129156112671
60,2.0102,134.16542053222656,106.05609130859375,129.75474548339844,112.90811920166016,2.1573309898376465,0.5314828157424927,-0.014055252075195312,28.109329223632812,0.9947412014007568
61,2.0437,133.86520385742188,105.5114974975586,127.4952392578125,112.39673614501953,1.4485501050949097,0.5333048105239868,-0.014393210411071777,28.35370635986328,0.9950002431869507
62,2.0772,132.68922424316406,104.31212615966797,126.79330444335938,111.97515869140625,1.4364597797393799,0.5371263027191162,-0.014425516128540039,28.377098083496094,0.9948555827140808
63,2.1108,130.54234313964844,102.43628692626953,124.88695526123047,110.74835205078125,1.212967872619629,0.5415309071540833,-0.014315366744995117,28.106056213378906,0.9945305585861206
64,2.1443,129.96556091308594,101.20240783691406,124.56724548339844,109.25553894042969,1.587446689605713,0.5457849502563477,-0.014330565929412842,28.763153076171875,0.9943540096282959
65,2.1778,127.33447265625,101.02660369873047,122.67395782470703,108.9804458618164,1.7319936752319336,0.5471745729446411,-0.013752341270446777,26.30786895751953,0.994402289390564
66,2.2113,125.61438751220703,99.5007095336914,121.27598571777344,108.13536071777344,1.5555529594421387,0.5502045154571533,-0.013842523097991943,26.113677978515625,0.9942362308502197
67,2.2448,122.72290802001953,98.61524963378906,118.3530502319336,107.32910919189453,0.9642754793167114,0.5532762408256531,-0.013155102729797363,24.10765838623047,0.9941704273223877
68,2.2783,121.45187377929688,97.17008209228516,117.50765991210938,105.88817596435547,0.9878311157226562,0.5550808906555176,-0.013081490993499756,24.28179168701172,0.9941413402557373
69,2.3118,119.57740020751953,96.41958618164062,115.07473754882812,106.10440826416016,0.7109901309013367,0.558305561542511,-0.013371527194976807,23.157814025878906,0.9939168691635132
70,2.3453,119.31694793701172,94.76647186279297,114.03607940673828,104.79679870605469,0.5414191484451294,0.5615559220314026,-0.013979494571685791,24.55047607421875,0.9935682415962219
71,2.3788,117.67901611328125,93.64461517333984,114.27017974853516,103.8246841430664,1.2718456983566284,0.5625877380371094,-0.01365971565246582,24.034400939941406,0.9938601851463318
72,2.4123,113.2542953491211,89.98347473144531,111.42970275878906,102.12708282470703,0.9861320853233337,0.5655097961425781,-0.013767659664154053,23.27082061767578,0.9945526123046875
73,2.4458,110.96039581298828,87.7372055053711,110.09876251220703,100.17237854003906,1.2943813800811768,0.5685206651687622,-0.013584375381469727,23.223190307617188,0.9946945905685425
74,2.4793,111.68142700195312,86.83573150634766,111.85431671142578,97.33416748046875,2.474409341812134,0.569657564163208,-0.01332700252532959,24.84569549560547,0.9948343634605408
75,2.5128,112.57283020019531,86.44701385498047,110.84378051757812,96.81670379638672,2.2591655254364014,0.5722174644470215,-0.0142899751663208,26.125816345214844,0.9949698448181152
76,2.5463,113.56840515136719,87.28942108154297,110.84596252441406,97.18991088867188,1.9943069219589233,0.5727290511131287,-0.014265716075897217,26.27898406982422,0.9948530197143555
77,2.5798,112.40470886230469,86.92143249511719,110.12875366210938,95.53998565673828,2.6442906856536865,0.5745893716812134,-0.01381230354309082,25.4832763671875,0.9948132038116455
78,2.6133,109.96178436279297,86.5175552368164,109.43667602539062,94.95396423339844,2.9141571521759033,0.5761620998382568,-0.012628614902496338,23.444229125976562,0.994772732257843
79,2.6468,109.88206481933594,87.4990463256836,108.99881744384766,94.26351928710938,3.188319206237793,0.576152503490448,-0.011914968490600586,22.383018493652344,0.99479079246521
80,2.6803,108.75115203857422,89.31986999511719,107.77702331542969,94.90644073486328,2.985908269882202,0.5762094259262085,-0.010506629943847656,19.43128204345703,0.9946017265319824
81,2.7138,109.54183959960938,91.30406188964844,107.8266372680664,94.74212646484375,3.319418430328369,0.5754998326301575,-0.009735584259033203,18.237777709960938,0.9947124123573303
82,2.7473,110.06939697265625,92.1424789428711,108.49750518798828,94.46979522705078,3.921290874481201,0.5737645626068115,-0.0095597505569458,17.926918029785156,0.9948616623878479
83,2.7808,111.57546997070312,93.80492401123047,108.04512786865234,95.30156707763672,3.4999942779541016,0.572651743888855,-0.00968623161315918,17.770545959472656,0.9950138330459595
84,2.8143,113.59091186523438,92.82139587402344,110.22705841064453,93.37835693359375,4.360061168670654,0.571658730506897,-0.010346174240112305,20.769515991210938,0.9947592616081238
85,2.8478,114.31745147705078,94.27013397216797,109.68999481201172,93.69918060302734,3.9428203105926514,0.5693744421005249,-0.00998455286026001,20.047317504882812,0.9947938919067383
86,2.8813,115.89366149902344,96.2252426147461,110.54946899414062,95.36943817138672,3.7297890186309814,0.5662933588027954,-0.009974539279937744,19.668418884277344,0.994819164276123
87,2.9148,119.257080078125,95.47933959960938,112.34591674804688,96.21663665771484,3.563357353210449,0.5650237798690796,-0.01252967119216919,23.777740478515625,0.994848906993866
88,2.9484,120.87066650390625,95.38936614990234,112.77452087402344,97.0042495727539,3.3696086406707764,0.5634588599205017,-0.014070212841033936,25.481300354003906,0.994800865650177
89,2.9819,128.0382080078125,98.80537414550781,116.77896118164062,99.51118469238281,3.3718950748443604,0.5590227842330933,-0.015890121459960938,29.232833862304688,0.9942477345466614
90,3.0154,133.2115936279297,100.84657287597656,120.14281463623047,101.32982635498047,3.3358373641967773,0.5553948879241943,-0.0172768235206604,32.365020751953125,0.9942736029624939
91,3.0489,134.69419860839844,102.59615325927734,119.46886444091797,104.11537170410156,1.8110791444778442,0.5526944398880005,-0.017675399780273438,32.098045349121094,0.994507908821106
92,3.0824,136.92233276367188,102.27700805664062,121.91053771972656,103.95430755615234,2.2390124797821045,0.5516623258590698,-0.01855015754699707,34.64532470703125,0.9945442080497742
93,3.1159,142.36474609375,104.29939270019531,126.33070373535156,104.62030029296875,2.921172857284546,0.5468476414680481,-0.01945394277572632,38.06535339355469,0.994784951210022
94,3.1494,146.9194793701172,105.4897689819336,130.35580444335938,105.25554656982422,3.149118185043335,0.5444588661193848,-0.020015418529510498,41.429710388183594,0.994736909866333
95,3.1829,148.58262634277344,107.04928588867188,130.7420654296875,106.64730072021484,2.511610746383667,0.5412629842758179,-0.020176351070404053,41.53334045410156,0.9948770999908447
96,3.2164,150.20443725585938,108.10003662109375,133.76683044433594,106.56038665771484,3.5241992473602295,0.537432074546814,-0.019845962524414062,42.104400634765625,0.9949245452880859
97,3.2499,151.8002166748047,108.90809631347656,134.71995544433594,106.83610534667969,3.3872780799865723,0.5342957377433777,-0.019910156726837158,42.892120361328125,0.9950907230377197
98,3.2834,153.49533081054688,111.08830261230469,134.95108032226562,108.2664794921875,2.7211251258850098,0.5311219096183777,-0.019594311714172363,42.40702819824219,0.9951581954956055
99,3.3169,155.15548706054688,112.2568130493164,136.48898315429688,110.22288513183594,2.384793281555176,0.5281274914741516,-0.01995617151260376,42.89867401123047,0.9953312873840332
100,3.3504,155.95513916015625,115.88383483886719,136.6807861328125,111.84091186523438,2.314842939376831,0.5234888792037964,-0.018667399883270264,40.07130432128906,0.9956600666046143
101,3.3839,157.36505126953125,118.15546417236328,137.97467041015625,113.80746459960938,2.397804021835327,0.5213949680328369,-0.01870018243789673,39.20958709716797,0.9954777359962463
102,3.4174,157.5463409423828,119.5992431640625,138.6333465576172,114.89436340332031,2.5990171432495117,0.519859790802002,-0.018326163291931152,37.94709777832031,0.9952188730239868
103,3.4509,158.4418182373047,121.78179168701172,138.89236450195312,117.61944580078125,1.606253981590271,0.5170915126800537,-0.01801431179046631,36.66002655029297,0.9953490495681763
104,3.4844,158.49209594726562,124.0205307006836,138.76156616210938,119.519287109375,1.372941255569458,0.5127026438713074,-0.01746213436126709,34.47156524658203,0.9954415559768677
105,3.5179,159.4035186767578,125.07205200195312,140.01852416992188,120.71353149414062,1.2276318073272705,0.5101244449615479,-0.017022132873535156,34.33146667480469,0.9955056309700012
106,3.5514,159.710693359375,126.2270278930664,139.97906494140625,122.2278823852539,0.7100411653518677,0.506716251373291,-0.01680159568786621,33.483665466308594,0.9956183433532715
107,3.5849,160.2327117919922,127.41043853759766,141.11000061035156,123.51229858398438,0.8069077134132385,0.5039030313491821,-0.016716718673706055,32.82227325439453,0.9957327842712402
108,3.6184,160.6830291748047,127.66963958740234,142.30360412597656,123.81794738769531,1.2275826930999756,0.5008286237716675,-0.01675194501876831,33.013389587402344,0.9956264495849609
109,3.6519,160.67340087890625,126.34283447265625,143.04847717285156,123.42649841308594,1.5702697038650513,0.4995734691619873,-0.01751077175140381,34.33056640625,0.9957451820373535
110,3.6854,161.04417419433594,126.98966979980469,144.45657348632812,124.07681274414062,1.6191211938858032,0.49674367904663086,-0.016714096069335938,34.05450439453125,0.9957729578018188
111,3.7189,160.04977416992188,127.2940673828125,143.8486328125,125.58060455322266,1.0745048522949219,0.49421900510787964,-0.016338884830474854,32.755706787109375,0.9958759546279907
112,3.7524,160.56297302246094,127.66595458984375,144.24374389648438,126.92158508300781,0.7842709422111511,0.4915093183517456,-0.01683199405670166,32.89701843261719,0.9960751533508301
113,3.786,159.52284240722656,127.39434814453125,144.106689453125,127.28987121582031,0.3984936475753784,0.48921895027160645,-0.01597142219543457,32.12849426269531,0.9959776401519775
114,3.8195,159.2910919189453,128.19802856445312,145.02317810058594,128.64967346191406,0.2983089089393616,0.48674875497817993,-0.015219688415527344,31.093063354492188,0.9960906505584717
115,3.853,159.7284698486328,130.88624572753906,146.73562622070312,130.5656280517578,0.5471312999725342,0.48404401540756226,-0.013734698295593262,28.84222412109375,0.996001124382019
116,3.8865,156.75961303710938,134.68434143066406,146.04779052734375,133.28990173339844,0.46635863184928894,0.48432061076164246,-0.010140180587768555,22.075271606445312,0.9958218336105347
117,3.92,157.06634521484375,137.61959838867188,146.779541015625,135.69314575195312,-0.21871453523635864,0.48247650265693665,-0.007992446422576904,19.446746826171875,0.9959178566932678
118,3.9535,158.01910400390625,143.21226501464844,147.82786560058594,138.39686584472656,-0.3926461338996887,0.4791254997253418,-0.004780471324920654,14.806838989257812,0.9957873225212097
119,3.987,159.18873596191406,148.83126831054688,149.76527404785156,140.66004943847656,0.024234840646386147,0.47934144735336304,-0.001543581485748291,10.357467651367188,0.9957094192504883
120,4.0205,161.02987670898438,153.8577880859375,150.00509643554688,142.70602416992188,0.023696035146713257,0.4731605052947998,-0.0002816915512084961,7.172088623046875,0.9959646463394165
121,4.054,163.8998565673828,158.8641357421875,151.44143676757812,145.22720336914062,-0.07560870796442032,0.4687371253967285,0.0009407997131347656,5.0357208251953125,0.9960205554962158
122,4.0875,166.50880432128906,163.8000946044922,152.5749969482422,148.7158203125,-0.7147093415260315,0.46782463788986206,0.002081573009490967,2.708709716796875,0.9957976341247559
123,4.121,168.0722198486328,168.35311889648438,154.0297393798828,151.7693634033203,-0.6982053518295288,0.4647599458694458,0.003292858600616455,0.2808990478515625,0.9957879781723022
124,4.1545,169.03964233398438,170.28314208984375,153.61248779296875,153.19056701660156,-1.0661814212799072,0.4638553857803345,0.0032125115394592285,1.243499755859375,0.9958706498146057
125,4.188,169.26229858398438,172.47195434570312,154.55972290039062,154.53121948242188,-0.7788306474685669,0.46479523181915283,0.004156589508056641,3.20965576171875,0.9956252574920654
126,4.2215,170.060546875,172.74851989746094,155.7444610595703,154.68711853027344,-0.25779810547828674,0.4663844704627991,0.0036377310752868652,2.6879730224609375,0.9954079389572144
127,4.255,169.96165466308594,173.51036071777344,154.92796325683594,155.3481903076172,-0.4754830002784729,0.46602633595466614,0.003480374813079834,3.5487060546875,0.9954495429992676
128,4.2885,169.7771453857422,173.9945831298828,154.94309997558594,155.3991241455078,-0.28818249702453613,0.4662835896015167,0.003725290298461914,4.217437744140625,0.9955540895462036
129,4.322,170.7938690185547,173.40634155273438,155.15069580078125,155.82827758789062,-0.5857085585594177,0.4661952257156372,0.002611875534057617,2.6124725341796875,0.9957807064056396
130,4.3555,171.5095977783203,173.2181854248047,155.7740020751953,155.44883728027344,-0.3245663046836853,0.4669382572174072,0.002262890338897705,1.708587646484375,0.9957735538482666
131,4.389,171.23854064941406,173.04486083984375,155.2255859375,155.51502990722656,-0.4181349575519562,0.46708565950393677,0.0019229650497436523,1.8063201904296875,0.9958275556564331
132,4.4225,171.24046325683594,172.38247680664062,155.02703857421875,155.72457885742188,-0.4744246006011963,0.4681025743484497,0.001025557518005371,1.1420135498046875,0.9958363771438599
133,4.456,170.99288940429688,172.0400390625,155.2440185546875,155.74063110351562,-0.18849676847457886,0.46942824125289917,0.0005811452865600586,1.047149658203125,0.9959126710891724
134,4.4895,170.9594268798828,171.91989135742188,155.0359344482422,155.67518615722656,-0.0619485042989254,0.4705955982208252,0.00017124414443969727,0.9604644775390625,0.9958478212356567
135,4.523,169.98316955566406,171.75881958007812,154.50607299804688,155.49526977539062,0.20938344299793243,0.47093403339385986,8.45193862915039e-05,1.7756500244140625,0.9957882165908813
136,4.5565,170.763427734375,171.9021759033203,154.99337768554688,155.0724639892578,0.763470470905304,0.4698958098888397,-0.0007224082946777344,1.1387481689453125,0.9958077669143677
137,4.5901,170.61672973632812,172.14373779296875,154.18548583984375,155.40701293945312,0.7260342240333557,0.4695158004760742,-0.0013827681541442871,1.527008056640625,0.9958157539367676
138,4.6236,170.97386169433594,172.79747009277344,153.7433319091797,155.74107360839844,0.8151168823242188,0.4685194492340088,-0.002013683319091797,1.8236083984375,0.9958595633506775
139,4.6571,170.95387268066406,171.61843872070312,153.32510375976562,155.8803253173828,0.7885880470275879,0.4692513346672058,-0.0035505294799804688,0.6645660400390625,0.9958029389381409
140,4.6906,170.9290008544922,171.49559020996094,152.30032348632812,156.48648071289062,0.5027543902397156,0.4695515036582947,-0.004681646823883057,0.56658935546875,0.9958595037460327
141,4.7241,170.3653564453125,171.0984649658203,151.55252075195312,156.7359161376953,0.4475884437561035,0.46874797344207764,-0.005343496799468994,0.7331085205078125,0.9958721995353699
142,4.7576,170.3372344970703,170.93374633789062,151.3363494873047,156.5340576171875,0.712597668170929,0.4683879017829895,-0.005999743938446045,0.5965118408203125,0.995832085609436
143,4.7911,170.2179412841797,169.8863067626953,151.41754150390625,156.46127319335938,0.9239097237586975,0.4690345525741577,-0.0071277618408203125,0.331634521484375,0.9958716034889221
144,4.8246,169.43905639648438,169.38571166992188,150.71002197265625,156.44418334960938,1.2168277502059937,0.4700068533420563,-0.008024513721466064,0.0533447265625,0.9957994222640991
145,4.8581,169.18605041503906,169.8303680419922,150.56153869628906,156.2225341796875,1.6471619606018066,0.47117409110069275,-0.008054137229919434,0.644317626953125,0.9960163831710815
146,4.8916,166.4924774169922,168.71420288085938,149.42413330078125,156.01531982421875,1.6127967834472656,0.4713321626186371,-0.00726628303527832,2.2217254638671875,0.9960741996765137
147,4.9251,160.50794982910156,168.34793090820312,147.96633911132812,155.2522735595703,2.3020212650299072,0.47032469511032104,-0.0037109851837158203,7.8399810791015625,0.9961951971054077
148,4.9586,154.56240844726562,168.7291259765625,146.80186462402344,155.6859130859375,2.186708927154541,0.46832525730133057,0.0008108615875244141,14.166717529296875,0.9962023496627808
149,4.9921,153.3060302734375,169.29586791992188,148.08628845214844,156.0954132080078,2.023362636566162,0.46590203046798706,0.003726959228515625,15.989837646484375,0.9963757991790771
150,5.0256,160.56199645996094,170.69271850585938,151.73065185546875,156.72755432128906,1.718930721282959,0.46358370780944824,0.0017142295837402344,10.130722045898438,0.9959724545478821
151,5.0591,168.79672241210938,169.0070037841797,156.00106811523438,156.101318359375,1.2439000606536865,0.46360674500465393,-0.0024299025535583496,0.2102813720703125,0.9957044720649719
152,5.0926,174.06137084960938,168.1643829345703,160.74038696289062,155.89768981933594,1.0667380094528198,0.46761053800582886,-0.003248155117034912,5.8969879150390625,0.9958654642105103
153,5.1261,176.05865478515625,169.0199432373047,161.90040588378906,156.84683227539062,0.7554826736450195,0.46890392899513245,-0.0036658644676208496,7.0387115478515625,0.9959270358085632
154,5.1596,174.46539306640625,170.0528564453125,161.07650756835938,157.64111328125,0.2478160858154297,0.4672066271305084,-0.0017333626747131348,4.41253662109375,0.9957311153411865
155,5.1931,173.6002655029297,170.47540283203125,161.15008544921875,157.68357849121094,0.2422330528497696,0.4665318429470062,-0.00033283233642578125,3.1248626708984375,0.9956759810447693
156,5.2266,172.44754028320312,170.21197509765625,162.12649536132812,156.49024963378906,0.6001639366149902,0.4664124846458435,0.001990973949432373,2.235565185546875,0.9955763816833496
157,5.2601,172.58900451660156,168.6892547607422,161.6118621826172,155.69314575195312,0.009324688464403152,0.46641188859939575,0.0017325878143310547,3.899749755859375,0.9957510232925415
158,5.2936,171.5750274658203,167.6179962158203,160.89035034179688,155.80108642578125,-0.7632958292961121,0.46536415815353394,0.0023799538612365723,3.95703125,0.9956302642822266
159,5.3271,171.00930786132812,161.40586853027344,162.2440643310547,153.6728973388672,-0.7336536049842834,0.4661710560321808,0.00040537118911743164,9.603439331054688,0.995485782623291
160,5.3606,168.42654418945312,155.7518310546875,161.8190155029297,152.03257751464844,-0.9013894200325012,0.4711534082889557,-0.0006411075592041016,12.674713134765625,0.9952932000160217
161,5.3941,167.44671630859375,148.99745178222656,160.3732147216797,152.61441040039062,-1.8160613775253296,0.46949052810668945,-0.005199015140533447,18.449264526367188,0.9954520463943481
162,5.4277,167.19918823242188,153.3203125,160.27630615234375,155.13528442382812,-1.9534436464309692,0.4686735272407532,-0.004236757755279541,13.878875732421875,0.99521803855896
163,5.4612,167.9066925048828,165.5392608642578,159.48016357421875,161.10313415527344,-2.270921230316162,0.4664427638053894,0.00022810697555541992,2.367431640625,0.9958920478820801
164,5.4947,167.71868896484375,170.7053985595703,158.18807983398438,164.0941162109375,-2.7845799922943115,0.4648316502571106,0.0023878812789916992,2.9867095947265625,0.9963390827178955
165,5.5282,168.070556640625,168.45034790039062,158.36187744140625,162.47601318359375,-2.9043807983398438,0.46464475989341736,0.0017080903053283691,0.379791259765625,0.9963012933731079
