timestamp_ms,recv_time_s,boot_ms,ax_g,ay_g,az_g,gx_dps,gy_dps,gz_dps
-286.4,17.8514,747673,-0.24365,0.03906,1.1394,-9.094,-4.395,11.78
-277.1,17.8607,747683,-0.24609,0.03906,1.11499,-9.583,-5.066,12.817
-258.8,17.879,747693,-0.24609,0.0498,1.10571,-8.362,-4.761,13.733
-258.8,17.879,747703,-0.23364,0.06396,1.10522,-7.812,-4.15,13.55
-249.0,17.8888,747713,-0.23877,0.05542,1.10181,-8.789,-3.418,12.451
-239.3,17.8985,747723,-0.22192,0.04517,1.06812,-9.705,-3.662,13.367
-231.6,17.9062,747733,-0.20972,0.0376,1.02637,-8.423,-2.686,13.0
-168.4,17.9694,747743,-0.23486,0.0188,1.03979,-7.935,-2.563,13.062
-168.4,17.9694,747753,-0.19287,0.00415,1.02271,-6.836,-2.441,13.855
-158.7,17.9791,747800,-0.23438,-0.03101,1.04688,-5.31,0.61,14.221
-158.7,17.9791,747801,-0.23438,-0.03101,1.04688,-5.31,0.61,14.221
-158.7,17.9791,747802,-0.23438,-0.03101,1.04688,-5.31,0.61,14.221
-158.7,17.9791,747804,-0.23438,-0.03101,1.04688,-6.531,0.061,15.381
-158.7,17.9791,747805,-0.23584,-0.02441,1.04883,-6.531,0.061,15.381
-153.3,17.9845,747813,-0.23853,-0.04199,1.0271,-7.019,0.977,14.893
-124.4,18.0134,747823,-0.23608,-0.06006,1.03516,-7.69,0.488,16.113
-124.4,18.0134,747833,-0.23999,-0.04565,1.02441,-6.897,1.16,14.587
-118.2,18.0196,747843,-0.24609,-0.05811,0.99072,-6.958,1.343,14.526
-100.7,18.0371,747853,-0.23462,-0.06738,0.97583,-7.141,2.93,14.16
-100.7,18.0371,747863,-0.24976,-0.07446,0.98901,-7.385,1.16,15.137
-88.7,18.0491,747873,-0.2312,-0.073,0.94873,-7.446,2.38,15.32
-78.2,18.0596,747883,-0.24707,-0.07373,0.93652,-7.08,2.136,15.93
-60.1,18.0777,747893,-0.25171,-0.09326,0.93481,-6.836,3.723,15.625
-53.9,18.0839,747903,-0.25903,-0.08398,0.90894,-6.836,2.625,16.296
-53.9,18.0839,747913,-0.26733,-0.08545,0.8855,-6.592,1.16,17.212
-37.8,18.1,747923,-0.26172,-0.09521,0.87915,-6.287,1.587,15.076
-24.8,18.113,747933,-0.24976,-0.11133,0.87573,-4.456,3.723,14.832
-22.1,18.1157,747943,-0.26294,-0.11743,0.87646,-2.747,3.113,15.747
11.8,18.1496,747953,-0.23364,-0.11328,0.88867,-2.38,3.662,16.296
11.8,18.1496,747963,-0.26367,-0.10571,0.90527,-1.587,4.456,17.578
11.8,18.1496,747973,-0.28345,-0.09863,0.91431,-1.648,3.479,17.883
19.8,18.1576,747983,-0.28369,-0.09961,0.91992,-1.831,2.93,17.639
30.2,18.168,747993,-0.28735,-0.09766,0.92505,-2.197,1.953,18.005
33.9,18.1717,748003,-0.28125,-0.07642,0.91626,-1.77,5.31,16.785
48.1,18.1859,748013,-0.30151,-0.09058,0.91943,-2.563,3.662,17.212
54.1,18.1919,748023,-0.30249,-0.09937,0.91992,-1.343,3.54,16.907
70.7,18.2085,748033,-0.3252,-0.10181,0.91943,-2.075,2.869,17.7
82.9,18.2207,748043,-0.30029,-0.10083,0.91675,-1.404,3.418,17.151
93.5,18.2313,748053,-0.34009,-0.1123,0.92212,-1.77,2.441,17.944
103.4,18.2412,748063,-0.31958,-0.10767,0.92432,-0.854,3.418,15.381
106.8,18.2446,748073,-0.32349,-0.09424,0.9187,-1.038,2.625,17.883
121.3,18.2591,748083,-0.32227,-0.09204,0.94507,-0.549,2.93,16.602
130.8,18.2686,748093,-0.32251,-0.09595,0.94849,0.488,2.686,16.541
142.3,18.2801,748103,-0.30835,-0.09326,0.95801,2.014,3.113,16.541
153.3,18.2911,748113,-0.3125,-0.10254,0.9585,2.747,4.028,17.029
164.0,18.3018,748123,-0.32129,-0.07544,1.01587,3.906,3.235,18.86
167.1,18.3049,748133,-0.32788,-0.07349,1.04639,4.211,3.479,20.264
174.4,18.3122,748143,-0.39233,-0.07153,1.11475,3.418,3.906,20.02
190.0,18.3278,748153,-0.44409,-0.05615,1.11963,1.221,2.075,18.433
202.6,18.3404,748163,-0.44849,-0.03223,1.11841,-0.366,1.099,18.005
202.6,18.3404,748173,-0.42065,-0.02979,1.09595,-1.526,0.488,15.869
215.4,18.3532,748183,-0.39014,-0.04199,1.10522,-2.075,2.441,14.954
232.8,18.3706,748193,-0.38062,-0.0166,1.07812,-2.869,1.77,13.916
245.0,18.3828,748203,-0.36768,-0.02197,1.07495,-2.808,1.282,14.038
261.0,18.3988,748213,-0.3457,-0.02417,1.04224,-2.563,1.16,15.076
261.0,18.3988,748223,-0.35474,-0.01294,1.02637,-2.441,1.038,16.113
272.0,18.4098,748233,-0.3728,-0.01514,1.05493,-2.502,-0.305,18.921
285.6,18.4234,748243,-0.37427,-0.01196,1.04932,-2.747,-0.977,18.799
291.9,18.4297,748253,-0.37695,-0.01392,1.02441,-3.052,-1.16,18.188
315.1,18.4529,748263,-0.37573,0.00317,1.01465,-2.991,0.183,16.846
315.1,18.4529,748273,-0.35913,-0.00342,1.00293,-2.258,-0.793,17.151
322.0,18.4598,748283,-0.38916,-0.00195,1.00586,-2.441,-1.831,17.822
324.1,18.4619,748293,-0.38477,-0.00684,1.00244,-1.77,-0.977,16.785
337.9,18.4757,748303,-0.37988,-0.00684,0.98145,-1.648,-0.366,16.724
337.9,18.4757,748313,-0.38135,0.01904,0.95728,-1.648,-2.502,17.883
353.9,18.4917,748323,-0.37573,0.01343,0.98145,-1.587,-1.648,16.479
369.9,18.5077,748333,-0.36328,0.01978,0.96484,-1.709,-1.953,16.296
382.1,18.5199,748343,-0.34351,0.03491,0.93555,-1.892,-3.235,16.968
392.2,18.53,748353,-0.34863,0.02563,0.93359,-2.319,-3.54,16.052
402.0,18.5398,748363,-0.34937,0.03809,0.90991,-0.732,-2.747,16.174
419.8,18.5576,748373,-0.32007,0.04004,0.91748,-0.366,-3.235,16.296
419.8,18.5576,748383,-0.32495,0.05322,0.9104,-0.366,-3.967,17.456
426.1,18.5639,748393,-0.33179,0.05591,0.88525,0.366,-4.395,17.639
439.0,18.5768,748403,-0.33423,0.05371,0.88818,0.854,-5.31,19.47
449.8,18.5876,748413,-0.31787,0.07373,0.88599,1.282,-5.066,18.433
462.8,18.6006,748423,-0.32593,0.08643,0.90186,2.197,-6.348,20.325
465.8,18.6036,748433,-0.3335,0.10254,0.91113,3.601,-5.615,20.081
480.6,18.6184,748443,-0.33569,0.11841,0.92407,4.272,-3.479,17.883
480.6,18.6184,748453,-0.35083,0.1189,0.94165,4.272,-4.7,18.921
506.1,18.6439,748463,-0.3606,0.11865,0.94507,4.639,-4.883,20.264
514.9,18.6527,748473,-0.37036,0.12646,0.95801,4.517,-5.92,20.447
522.4,18.6602,748483,-0.39233,0.12036,0.98901,3.906,-5.432,19.348
529.3,18.6671,748493,-0.39771,0.12256,0.98413,2.319,-5.615,19.897
532.5,18.6703,748503,-0.40747,0.12769,0.99316,2.136,-5.554,18.86
550.0,18.6878,748513,-0.4165,0.12183,0.97876,1.099,-5.127,17.761
563.6,18.7014,748523,-0.40894,0.11597,0.97607,0.916,-5.92,18.25
563.6,18.7014,748533,-0.40112,0.12012,0.9502,1.038,-5.859,16.296
582.3,18.7201,748543,-0.38379,0.10913,0.95605,0.183,-7.751,17.578
592.1,18.7299,748553,-0.36938,0.12402,0.95166,0.061,-5.798,17.395
592.1,18.7299,748563,-0.37695,0.1123,0.94531,0.183,-7.202,17.517
617.4,18.7552,748573,-0.36816,0.13159,0.91748,-0.244,-6.226,17.395
617.4,18.7552,748583,-0.36816,0.10913,0.90576,-0.793,-8.057,18.921
624.8,18.7626,748593,-0.35742,0.1062,0.8877,0.0,-8.484,19.531
639.2,18.777,748603,-0.35645,0.0874,0.8374,1.221,-8.179,19.409
650.0,18.7878,748613,-0.33716,0.09033,0.86475,5.127,-7.141,21.484
658.9,18.7967,748623,-0.36597,0.10376,0.91455,7.202,-5.981,22.095
658.9,18.7967,748633,-0.41724,0.0957,0.97876,7.812,-5.615,24.109
673.8,18.8116,748643,-0.51953,0.12158,1.0271,7.507,-6.042,24.109
686.7,18.8245,748653,-0.50513,0.08984,1.04956,5.798,-7.568,22.949
692.8,18.8306,748663,-0.53101,0.05811,1.0564,3.357,-9.155,19.714
718.1,18.8559,748673,-0.49487,0.09204,1.02881,1.282,-11.536,18.799
718.1,18.8559,748683,-0.49121,0.08618,1.02734,1.648,-8.362,17.639
718.1,18.8559,748693,-0.49902,0.08179,1.03394,0.305,-4.883,16.479
736.2,18.874,748703,-0.47339,0.05933,0.99219,-2.136,-10.315,17.761
749.5,18.8873,748713,-0.45752,0.06445,0.98511,-1.648,-10.925,17.334
751.9,18.8897,748723,-0.46826,0.08154,0.98608,-0.183,-10.132,16.479
774.6,18.9124,748733,-0.4314,0.0874,0.99634,-0.793,-12.207,17.395
781.0,18.9188,748743,-0.44287,0.07861,0.98706,-1.648,-11.23,16.479
784.2,18.922,748753,-0.41113,0.0647,0.92822,-2.197,-11.292,16.663
796.7,18.9345,748763,-0.41479,0.0769,0.91455,-1.099,-10.925,16.785
812.6,18.9504,748773,-0.42285,0.052,0.94214,-0.549,-11.597,17.456
822.3,18.9601,748783,-0.396,0.05249,0.9248,0.305,-12.024,18.799
828.3,18.9661,748793,-0.4082,0.04053,0.93896,1.038,-13.428,19.043
828.3,18.9661,748803,-0.41943,0.06958,0.93945,1.221,-13.733,19.47
845.7,18.9835,748813,-0.41064,0.06592,0.95581,1.77,-13.306,18.555
860.0,18.9978,748823,-0.41284,0.0647,0.97876,1.526,-12.756,18.005
860.0,18.9978,748833,-0.41333,0.06714,0.95703,0.488,-14.709,20.02
880.4,19.0182,748843,-0.41187,0.0564,0.97998,0.061,-14.221,18.921
887.2,19.025,748853,-0.40552,0.05151,0.97021,0.366,-12.817,18.433
896.5,19.0343,748863,-0.43994,0.0603,0.98462,-0.549,-13.672,18.433
908.5,19.0463,748873,-0.43481,0.06006,0.96167,-0.671,-14.221,19.531
924.6,19.0624,748883,-0.41724,0.05957,0.95874,-0.916,-14.954,18.066
924.6,19.0624,748893,-0.42847,0.07104,0.95264,-0.793,-15.442,19.043
924.6,19.0624,748903,-0.42041,0.05664,0.94751,-0.793,-15.076,17.517
950.8,19.0886,748913,-0.41992,0.05005,0.95532,-1.038,-15.32,18.799
956.0,19.0938,748923,-0.40674,0.04736,0.93872,0.183,-15.076,19.287
956.0,19.0938,748933,-0.41553,0.03979,0.93872,0.122,-16.296,19.531
981.5,19.1193,748943,-0.40137,0.04932,0.96338,0.549,-16.968,19.653
987.7,19.1255,748953,-0.42603,0.04004,0.95508,0.854,-16.907,19.958
992.9,19.1307,748963,-0.42896,0.0415,0.98291,0.916,-18.311,21.057
1010.3,19.1481,748973,-0.4397,0.03809,0.99658,0.427,-17.029,18.555
1035.6,19.1734,748983,-0.44604,0.02881,1.00195,0.488,-17.761,19.836
1035.6,19.1734,748993,-0.44653,0.04736,1.00977,-0.671,-19.043,20.935
1035.6,19.1734,749003,-0.44849,0.04907,1.00024,-0.916,-18.738,19.592
1035.6,19.1734,749013,-0.47314,0.0415,1.00317,-0.977,-17.944,18.188
1052.6,19.1904,749023,-0.4519,0.04077,1.01221,-1.465,-17.883,17.578
1072.2,19.21,749033,-0.45654,0.04565,1.01465,-1.892,-18.188,16.602
1072.2,19.21,749043,-0.448,0.04565,1.01758,-2.808,-18.921,17.578
1084.1,19.2219,749053,-0.45825,0.03247,1.0061,-2.38,-18.188,16.541
1098.6,19.2364,749063,-0.44141,0.02905,1.00293,-2.686,-19.409,17.273
1098.6,19.2364,749073,-0.42847,0.05127,0.98486,-3.784,-20.142,18.921
1114.5,19.2523,749083,-0.44189,0.03198,1.00781,-3.601,-19.592,18.066
1130.3,19.2681,749093,-0.43042,0.05396,1.00659,-3.174,-20.203,17.334
1130.3,19.2681,749103,-0.45264,0.04321,0.9978,-3.296,-21.179,19.165
1146.1,19.2839,749113,-0.44849,0.0354,1.00903,-3.174,-20.752,17.944
1146.1,19.2839,749123,-0.44458,0.03662,0.99512,-3.723,-21.851,18.494
1162.1,19.2999,749133,-0.42993,0.03833,0.98926,-3.54,-21.301,16.968
1177.8,19.3156,749143,-0.44971,0.04565,0.98975,-4.089,-22.827,18.066
1177.8,19.3156,749153,-0.43164,0.03394,0.99878,-3.723,-20.874,16.418
1198.5,19.3363,749163,-0.41626,0.05054,1.0144,-4.578,-21.912,16.663
1209.7,19.3475,749173,-0.41479,0.0376,0.99634,-4.639,-21.606,17.7
1232.3,19.3701,749183,-0.41968,0.06274,0.98633,-5.371,-21.667,17.029
1232.6,19.3704,749193,-0.42993,0.0459,0.98755,-6.226,-20.996,16.663
1242.0,19.3798,749203,-0.42407,0.03955,0.98853,-6.592,-21.606,17.029
1250.8,19.3886,749213,-0.43506,0.05151,0.98193,-6.165,-21.057,16.724
1256.0,19.3938,749223,-0.42651,0.05005,0.97217,-6.409,-22.278,17.395
1272.0,19.4098,749233,-0.42188,0.04492,0.96387,-6.348,-21.79,16.602
1272.0,19.4098,749243,-0.41992,0.05322,0.97314,-5.798,-22.461,16.846
1288.0,19.4258,749253,-0.40796,0.04517,0.98315,-5.798,-22.461,16.907
1300.8,19.4386,749263,-0.42334,0.04346,0.98999,-5.981,-23.438,16.663
1305.0,19.4428,749273,-0.4043,0.06494,0.9707,-5.554,-22.583,16.113
1319.7,19.4575,749283,-0.40503,0.05225,0.98291,-6.958,-24.292,17.395
1335.4,19.4732,749293,-0.41406,0.04272,0.97876,-6.592,-23.132,15.747
1335.4,19.4732,749303,-0.39038,0.04419,0.9978,-6.287,-22.583,15.747
1335.4,19.4732,749313,-0.39551,0.04199,0.98511,-7.263,-23.865,16.052
1352.3,19.4901,749323,-0.39087,0.04395,0.99536,-6.409,-23.804,16.724
1374.2,19.512,749333,-0.3938,0.03711,0.98511,-6.165,-23.071,16.541
1374.2,19.512,749343,-0.39673,0.0625,1.00146,-5.981,-22.888,15.869
1420.2,19.558,749353,-0.3938,0.05444,1.00195,-6.714,-23.438,16.968
1420.2,19.558,749363,-0.3877,0.04761,1.0022,-6.531,-22.095,14.893
1420.2,19.558,749373,-0.38647,0.06689,0.99072,-7.324,-23.804,16.113
1420.2,19.558,749383,-0.39185,0.05054,1.01514,-7.629,-23.926,16.907
1437.5,19.5753,749393,-0.375,0.06934,0.99561,-6.714,-22.461,15.93
1437.5,19.5753,749403,-0.38501,0.06812,0.99634,-7.507,-23.376,16.785
1450.3,19.5881,749413,-0.38721,0.06421,1.00781,-7.568,-24.109,16.724
1461.3,19.5991,749423,-0.38892,0.08008,1.01855,-7.324,-23.56,16.968
1463.3,19.6011,749433,-0.38892,0.07544,1.02051,-8.179,-24.902,17.151
1481.1,19.6189,749443,-0.3938,0.06104,1.01416,-8.85,-25.269,16.724
1489.5,19.6273,749453,-0.37842,0.0979,0.9978,-8.911,-23.254,14.832
1501.9,19.6397,749463,-0.38574,0.08423,0.99536,-9.766,-24.597,15.747
1509.4,19.6472,749473,-0.36475,0.09399,0.99023,-9.644,-23.926,15.564
1512.3,19.6501,749483,-0.35864,0.08105,0.97314,-9.338,-23.743,15.442
1543.3,19.6811,749493,-0.35352,0.0769,0.97681,-8.911,-23.682,16.113
1543.3,19.6811,749503,-0.35522,0.09082,0.96729,-8.179,-23.315,15.625
1543.3,19.6811,749513,-0.35498,0.0979,0.98877,-8.789,-23.987,16.785
1561.3,19.6991,749523,-0.35205,0.10889,0.96826,-9.216,-24.414,17.334
1561.3,19.6991,749533,-0.3584,0.10864,0.96582,-9.216,-24.231,16.663
1573.1,19.7109,749543,-0.35229,0.11279,0.94458,-9.644,-24.536,16.541
1589.0,19.7268,749553,-0.33105,0.10083,0.92627,-8.789,-24.109,16.968
1594.2,19.732,749563,-0.33911,0.10864,0.93823,-7.324,-22.766,15.869
1605.1,19.7429,749573,-0.32837,0.11792,0.94336,-6.836,-23.193,17.761
1623.2,19.761,749583,-0.34302,0.10815,0.96948,-5.798,-22.827,18.311
1637.0,19.7748,749593,-0.34253,0.12183,0.97729,-5.432,-22.583,18.433
1637.0,19.7748,749603,-0.35303,0.10229,1.00903,-6.531,-22.766,18.677
1653.1,19.7909,749613,-0.38281,0.10449,0.9939,-7.019,-23.743,18.005
1653.1,19.7909,749623,-0.3772,0.09448,1.01123,-7.629,-22.583,16.846
1670.9,19.8087,749633,-0.36475,0.09668,0.98633,-8.484,-23.071,16.785
1670.9,19.8087,749643,-0.37793,0.08276,0.98364,-8.728,-23.01,16.541
1691.5,19.8293,749653,-0.35376,0.08057,0.96631,-8.545,-21.79,15.381
1694.1,19.8319,749663,-0.34863,0.07568,0.97217,-8.179,-21.301,15.259
1702.3,19.8401,749673,-0.3374,0.07349,0.97754,-7.629,-21.667,15.442
1716.7,19.8545,749683,-0.32178,0.09399,0.95288,-7.019,-23.071,17.334
1747.2,19.885,749693,-0.31543,0.09814,0.97729,-6.042,-20.203,15.564
1747.2,19.885,749703,-0.31396,0.09204,0.99829,-6.348,-21.301,17.456
1749.7,19.8875,749713,-0.3147,0.08472,0.99805,-7.812,-22.583,19.226
1752.9,19.8907,749723,-0.33691,0.10303,1.00317,-7.812,-22.339,18.921
1763.9,19.9017,749733,-0.3501,0.09009,1.00073,-8.362,-20.813,18.25
1784.7,19.9225,749743,-0.32739,0.10693,0.99829,-9.216,-21.606,17.395
1784.7,19.9225,749753,-0.32422,0.09839,0.96802,-9.216,-20.264,16.846
1853.5,19.9913,749800,-0.30054,0.07935,0.93848,-5.981,-19.409,16.846
1853.5,19.9913,749802,-0.30054,0.07935,0.93848,-5.981,-19.409,16.846
1853.5,19.9913,749803,-0.29272,0.09326,0.93628,-5.737,-19.104,16.357
1853.5,19.9913,749805,-0.29272,0.09326,0.93628,-5.737,-19.104,16.357
1853.5,19.9913,749806,-0.29272,0.09326,0.93628,-5.737,-19.104,16.357
1853.5,19.9913,749813,-0.2981,0.08887,0.95288,-5.249,-20.752,18.921
1863.0,20.0008,749823,-0.27588,0.08716,0.95654,-4.761,-19.836,18.005
1865.3,20.0031,749833,-0.29688,0.08838,1.0,-4.883,-18.066,16.846
1881.9,20.0197,749843,-0.28638,0.08936,0.97778,-4.822,-17.883,16.785
1894.5,20.0323,749853,-0.2937,0.08911,0.97583,-5.005,-17.944,18.066
1897.6,20.0354,749863,-0.31592,0.07935,1.01416,-3.967,-18.188,19.348
1906.1,20.0439,749873,-0.31982,0.08398,0.99707,-4.7,-17.639,18.616
1922.0,20.0598,749883,-0.32251,0.07349,1.01904,-5.066,-18.799,19.104
1933.5,20.0713,749893,-0.33008,0.06543,1.03931,-5.31,-18.25,18.738
1952.7,20.0905,749903,-0.34644,0.06714,1.02197,-5.554,-18.005,18.921
1952.7,20.0905,749913,-0.33667,0.06885,1.021,-6.287,-18.127,18.738
1962.1,20.0999,749923,-0.34253,0.05737,1.01978,-7.202,-16.724,18.188
1968.3,20.1061,749933,-0.34375,0.04688,1.01318,-7.568,-17.334,18.616
1989.2,20.127,749943,-0.31836,0.05103,0.99829,-7.08,-15.686,17.517
1997.3,20.1351,749953,-0.32544,0.04736,0.98682,-7.263,-16.113,16.968
2014.8,20.1526,749963,-0.32153,0.05029,0.96021,-7.751,-15.869,16.663
2014.8,20.1526,749973,-0.31323,0.04346,0.96411,-6.897,-15.015,17.09
2023.3,20.1611,749983,-0.32007,0.02808,0.95703,-5.554,-14.648,17.029
2030.5,20.1683,749993,-0.30396,0.0293,0.95459,-5.432,-15.198,16.724
2053.8,20.1916,750003,-0.32617,0.03052,0.95752,-5.432,-14.465,16.724
2053.8,20.1916,750013,-0.31323,0.03247,0.96313,-4.639,-14.771,16.113
2062.6,20.2004,750023,-0.3064,0.03027,0.96777,-4.578,-14.648,16.296
2070.2,20.208,750033,-0.30469,0.0376,0.9646,-4.395,-14.709,16.846
2090.2,20.228,750043,-0.30737,0.03076,0.97095,-4.456,-14.221,17.761
2090.2,20.228,750053,-0.29004,0.03784,0.9646,-5.066,-14.282,17.456
2098.6,20.2364,750063,-0.29785,0.0271,0.98413,-4.639,-13.123,15.991
2110.0,20.2478,750073,-0.30859,0.02344,0.97632,-4.395,-12.085,16.418
2129.7,20.2675,750083,-0.2793,0.01978,0.98413,-3.845,-12.634,16.052
2129.7,20.2675,750093,-0.29663,-0.00122,0.98853,-3.906,-12.329,17.456
2141.5,20.2793,750103,-0.29712,0.02124,0.9939,-3.967,-11.536,17.212
2152.0,20.2898,750113,-0.2915,0.0188,0.99634,-3.418,-11.78,18.127
2177.0,20.3148,750123,-0.29761,0.00708,1.00977,-3.54,-11.658,17.273
2188.7,20.3265,750133,-0.31934,0.01807,1.00879,-3.723,-10.803,16.479
2188.7,20.3265,750143,-0.31763,0.0127,1.01807,-3.54,-10.742,17.456
2188.7,20.3265,750153,-0.32959,0.00513,0.99976,-3.723,-11.475,17.517
2204.6,20.3424,750163,-0.33813,-0.00146,1.02734,-4.028,-10.803,16.785
2210.5,20.3483,750173,-0.35425,0.01929,1.01123,-4.089,-10.62,17.944
2220.7,20.3585,750183,-0.33057,0.02124,1.03125,-3.967,-9.766,15.93
2230.9,20.3687,750193,-0.34888,0.01929,1.04443,-4.822,-8.972,15.747
2240.9,20.3787,750203,-0.35718,0.0332,1.03589,-5.005,-10.254,17.273
2252.9,20.3907,750213,-0.35278,0.02979,1.03394,-4.944,-8.911,14.709
2252.9,20.3907,750223,-0.34888,0.02222,1.01367,-4.395,-7.812,14.832
2268.7,20.4065,750233,-0.3501,0.0105,1.01294,-4.578,-8.545,15.32
2272.2,20.41,750243,-0.33228,0.01733,1.00244,-4.333,-8.24,15.564
2294.8,20.4326,750253,-0.35059,0.03296,1.02417,-3.967,-9.399,17.395
2294.8,20.4326,750263,-0.34668,0.01099,1.03442,-3.235,-8.667,16.541
2301.8,20.4396,750273,-0.34863,0.02417,1.052,-3.174,-7.568,15.869
2316.5,20.4543,750283,-0.37085,0.01978,1.06763,-4.028,-6.531,15.503
2316.5,20.4543,750293,-0.36133,0.02051,1.06592,-4.578,-6.897,15.869
2332.2,20.47,750303,-0.37598,0.01855,1.05835,-5.737,-7.446,16.235
2348.0,20.4858,750313,-0.39355,0.0332,1.03418,-6.409,-6.653,15.808
2364.1,20.5019,750323,-0.38892,0.02124,1.03882,-6.531,-7.08,15.869
2364.1,20.5019,750333,-0.38721,0.02808,1.0061,-6.653,-6.165,14.526
2383.1,20.5209,750343,-0.3894,0.02832,1.00122,-6.836,-6.592,14.282
2397.0,20.5348,750353,-0.37378,0.02319,0.99487,-6.165,-4.639,12.146
2401.8,20.5396,750363,-0.35889,0.02246,0.98901,-6.409,-5.737,13.794
2412.8,20.5506,750373,-0.36816,0.03271,0.97925,-6.897,-5.493,13.794
2421.9,20.5597,750383,-0.36401,0.0271,0.979,-6.531,-5.188,13.794
2426.6,20.5644,750393,-0.34131,0.03076,0.96582,-5.92,-5.249,13.855
2438.0,20.5758,750403,-0.34082,0.02075,0.94019,-7.08,-6.47,15.747
2458.2,20.596,750413,-0.35083,0.02954,0.93457,-6.47,-5.798,15.015
2462.0,20.5998,750423,-0.35962,0.04224,0.93945,-5.981,-5.676,15.076
2462.0,20.5998,750433,-0.35156,0.04175,0.91479,-5.554,-5.188,15.076
2480.6,20.6184,750443,-0.36865,0.02783,0.91431,-5.249,-5.615,15.747
2490.5,20.6283,750453,-0.36646,0.04053,0.9231,-4.517,-5.31,14.893
2499.0,20.6368,750463,-0.35742,0.03345,0.91431,-4.272,-5.005,15.381
2506.2,20.644,750473,-0.36206,0.03418,0.91602,-4.395,-5.066,14.526
2522.1,20.6599,750483,-0.35718,0.05444,0.8894,-4.333,-5.005,15.442
2522.1,20.6599,750493,-0.36377,0.05029,0.90063,-4.517,-6.042,15.198
2538.2,20.676,750503,-0.3479,0.04077,0.89111,-4.333,-4.211,15.381
2554.4,20.6922,750513,-0.35962,0.03467,0.89331,-4.211,-4.089,15.259
2554.4,20.6922,750523,-0.33789,0.04102,0.87573,-3.906,-5.615,15.747
2570.5,20.7083,750533,-0.36499,0.03516,0.89062,-2.93,-4.517,15.625
2570.5,20.7083,750543,-0.34839,0.02124,0.86841,-2.808,-4.15,14.954
2586.5,20.7243,750553,-0.34424,0.0437,0.87744,-1.953,-4.211,15.686
2595.8,20.7336,750563,-0.36108,0.01758,0.90283,-1.099,-4.089,15.686
2603.7,20.7415,750573,-0.36841,0.0249,0.896,-0.244,-4.395,16.602
2618.2,20.756,750583,-0.37769,0.04004,0.92261,0.671,-4.822,16.479
2618.2,20.756,750593,-0.37549,0.03076,0.92554,0.183,-5.249,17.456
2633.8,20.7716,750603,-0.37793,0.04102,0.9624,0.549,-4.028,16.663
2649.9,20.7877,750613,-0.39087,0.04004,0.98022,0.366,-4.822,16.846
2665.7,20.8035,750623,-0.39307,0.03735,0.98096,0.366,-4.517,17.212
2665.7,20.8035,750633,-0.40796,0.04175,0.99023,0.305,-4.089,16.663
2681.1,20.8189,750643,-0.40796,0.04321,1.00977,-0.854,-4.089,15.564
2690.7,20.8285,750653,-0.42358,0.0437,1.02124,-1.038,-3.967,15.93
2697.0,20.8348,750663,-0.43481,0.03906,1.01904,-1.953,-3.906,16.174
2697.0,20.8348,750673,-0.42871,0.04443,1.00879,-2.258,-4.517,15.076
2713.0,20.8508,750683,-0.42236,0.05249,0.9812,-2.625,-3.723,15.015
2728.9,20.8667,750693,-0.40479,0.05493,0.99658,-2.197,-3.723,15.076
2744.6,20.8824,750703,-0.41699,0.04858,0.9939,-1.892,-3.784,16.174
2782.2,20.92,750713,-0.44604,0.04761,1.00269,-1.404,-3.418,15.747
2782.2,20.92,750723,-0.39966,0.07007,0.97632,-1.587,-3.357,16.846
2782.2,20.92,750733,-0.40479,0.04614,0.99414,-1.648,-3.54,15.503
2782.2,20.92,750743,-0.40161,0.05859,0.98291,-1.343,-2.686,15.686
2785.9,20.9237,750753,-0.42432,0.06226,0.98853,-1.343,-2.93,15.503
2801.6,20.9394,750763,-0.41553,0.07275,0.9978,-0.916,-3.906,16.113
2810.2,20.948,750773,-0.41089,0.06299,1.00342,-1.099,-3.662,16.113
2810.2,20.948,750783,-0.42139,0.06201,1.00513,-1.099,-3.357,16.418
2827.1,20.9649,750793,-0.41211,0.05737,0.9895,-1.77,-3.662,16.663
2840.0,20.9778,750803,-0.39722,0.04834,1.03027,-1.526,-1.343,14.587
2840.0,20.9778,750813,-0.40918,0.05786,0.9978,-1.282,-1.465,15.503
2855.7,20.9935,750823,-0.42944,0.04297,1.02124,-2.93,-2.38,15.747
2872.9,21.0107,750833,-0.42505,0.02979,1.01367,-3.479,-2.319,16.479
2872.9,21.0107,750843,-0.42212,0.02954,0.98779,-3.052,-2.075,16.235
2889.6,21.0274,750853,-0.42725,0.03491,0.98438,-3.357,-2.075,15.442
2896.8,21.0346,750863,-0.41284,0.03076,0.97534,-3.601,-0.977,15.808
2903.3,21.0411,750873,-0.40771,0.01929,0.98145,-3.357,-1.038,14.832
2919.1,21.0569,750883,-0.4187,0.02856,0.95898,-3.479,-0.793,15.747
2924.5,21.0623,750893,-0.41284,0.03638,0.93652,-3.418,0.183,15.259
2935.1,21.0729,750903,-0.42358,0.02026,0.93311,-3.296,-0.916,15.747
2950.8,21.0886,750913,-0.39355,0.02563,0.93799,-3.174,-1.526,16.724
2950.8,21.0886,750923,-0.41016,0.02612,0.95093,-2.502,0.0,15.93
2966.6,21.1044,750933,-0.4248,0.01685,0.94458,-2.747,-0.427,16.357
2982.4,21.1202,750943,-0.42114,0.04224,0.9458,-2.197,-0.549,16.235
2982.4,21.1202,750953,-0.42578,0.04053,0.93506,-2.563,-0.366,16.418
3000.3,21.1381,750963,-0.42432,0.03125,0.93726,-2.747,0.183,14.709
3000.3,21.1381,750973,-0.42627,0.03442,0.94629,-2.38,-1.038,16.785
3019.0,21.1568,750983,-0.42554,0.04053,0.93384,-2.686,-0.183,16.602
3039.3,21.1771,750993,-0.42578,0.02466,0.93701,-2.991,0.122,16.479
3039.3,21.1771,751003,-0.42212,0.03418,0.92847,-2.258,0.916,16.174
3050.6,21.1884,751013,-0.43506,0.04272,0.92188,-1.77,1.099,15.869
3056.9,21.1947,751023,-0.43726,0.03638,0.92188,-2.319,-0.366,16.846
3070.3,21.2081,751033,-0.4519,0.05273,0.94702,-1.648,0.427,16.113
3089.3,21.2271,751043,-0.4502,0.03711,0.94507,-1.953,0.916,17.395
3099.3,21.2371,751053,-0.44531,0.0459,0.93799,-1.648,0.793,17.578
3099.3,21.2371,751063,-0.44824,0.04517,0.95557,-1.709,1.465,16.907
3109.9,21.2477,751073,-0.46851,0.05908,0.96021,-1.892,2.869,15.625
3115.5,21.2533,751083,-0.4585,0.06519,0.95117,-2.38,1.953,16.357
3132.7,21.2705,751093,-0.47559,0.0415,0.94458,-3.174,2.014,17.029
3132.7,21.2705,751103,-0.48071,0.0481,0.93896,-3.296,2.075,16.052
3148.7,21.2865,751113,-0.4834,0.0498,0.95776,-3.052,2.869,16.113
3157.3,21.2951,751123,-0.49561,0.05493,0.95166,-2.808,2.808,16.663
3165.7,21.3035,751133,-0.49878,0.04639,0.94434,-2.869,2.563,16.724
3180.2,21.318,751143,-0.51221,0.05444,0.95435,-2.747,3.235,16.296
3194.4,21.3322,751153,-0.51831,0.05566,0.9541,-3.174,2.441,17.151
3199.3,21.3371,751163,-0.52441,0.04517,0.95898,-3.418,2.441,16.602
3213.4,21.3512,751173,-0.53564,0.03564,0.95605,-3.601,1.953,16.907
3217.0,21.3548,751183,-0.52612,0.05054,0.9314,-3.784,2.869,15.564
3228.1,21.3659,751193,-0.53979,0.04517,0.94385,-4.028,1.648,16.052
3239.6,21.3774,751203,-0.53564,0.04834,0.9458,-3.845,2.258,15.808
3249.0,21.3868,751213,-0.52832,0.04907,0.92554,-4.761,2.563,16.235
3259.5,21.3973,751223,-0.52026,0.04297,0.9458,-4.578,2.197,15.015
3283.3,21.4211,751233,-0.50977,0.04907,0.91797,-4.456,2.808,15.686
3283.3,21.4211,751243,-0.49878,0.04541,0.92969,-5.493,3.296,15.808
3283.3,21.4211,751253,-0.48364,0.06616,0.90747,-5.127,3.845,15.503
3299.7,21.4375,751263,-0.49512,0.05103,0.90283,-5.249,4.211,15.259
3299.7,21.4375,751273,-0.521,0.05127,0.89478,-5.31,4.639,15.564
3315.9,21.4537,751283,-0.52393,0.04761,0.87744,-4.211,4.089,17.029
3332.5,21.4703,751293,-0.53052,0.04395,0.87915,-4.517,3.479,17.517
3344.4,21.4822,751303,-0.53687,0.05981,0.85864,-4.272,3.418,17.395
3349.4,21.4872,751313,-0.55835,0.05151,0.87451,-4.333,3.296,17.212
3359.8,21.4976,751323,-0.54346,0.04858,0.87402,-3.723,3.967,15.442
3389.1,21.5269,751333,-0.55542,0.04858,0.89307,-3.784,3.601,15.869
3389.1,21.5269,751343,-0.56177,0.05347,0.87646,-3.418,3.662,14.893
3389.1,21.5269,751353,-0.56567,0.04565,0.88403,-3.967,2.197,15.686
3399.6,21.5374,751363,-0.5708,0.05493,0.89551,-4.15,1.831,15.93
3399.6,21.5374,751373,-0.56323,0.05371,0.9043,-5.005,2.441,15.564
3415.7,21.5535,751383,-0.56714,0.05835,0.90552,-5.005,3.113,14.587
3429.3,21.5671,751393,-0.5686,0.06763,0.86987,-5.249,2.014,15.869
3438.5,21.5763,751403,-0.55615,0.04956,0.88452,-5.493,1.343,15.93
3450.6,21.5884,751413,-0.56177,0.06421,0.86646,-5.127,1.526,15.686
3463.5,21.6013,751423,-0.56299,0.07324,0.84326,-5.127,3.052,14.709
3467.9,21.6057,751433,-0.56665,0.05396,0.86011,-4.517,2.38,15.991
3482.7,21.6205,751443,-0.56299,0.06421,0.86475,-4.15,3.052,15.259
3490.4,21.6282,751453,-0.57861,0.09131,0.87378,-3.662,1.404,16.785
3499.5,21.6373,751463,-0.58594,0.0791,0.87646,-4.517,0.305,17.09
3507.9,21.6457,751473,-0.59326,0.07251,0.8877,-4.089,0.183,16.724
3516.2,21.654,751483,-0.59351,0.07544,0.88037,-4.15,0.366,16.296
3530.2,21.668,751493,-0.59619,0.06543,0.88672,-4.089,1.221,15.381
3549.0,21.6868,751503,-0.60034,0.05737,0.89111,-5.005,1.648,15.259
3549.0,21.6868,751513,-0.59131,0.05884,0.88037,-5.005,0.793,15.381
3561.6,21.6994,751523,-0.62256,0.05737,0.88892,-5.493,0.183,15.747
3566.0,21.7038,751533,-0.60474,0.0625,0.8689,-5.371,0.183,14.832
3604.7,21.7425,751543,-0.60864,0.04321,0.86084,-5.371,-0.488,15.259
3604.7,21.7425,751553,-0.60181,0.05029,0.87036,-5.737,-0.793,14.465
3604.7,21.7425,751563,-0.60547,0.05664,0.87842,-5.188,-0.854,13.672
3609.3,21.7471,751573,-0.60425,0.05371,0.85498,-5.31,-0.61,13.672
3625.1,21.7629,751583,-0.60767,0.05615,0.86011,-5.127,-1.343,14.771
3632.7,21.7705,751593,-0.61646,0.05688,0.85156,-5.31,-1.16,14.832
3632.7,21.7705,751603,-0.61768,0.05566,0.85376,-5.005,-2.38,14.587
3650.0,21.7878,751613,-0.61499,0.04907,0.86743,-6.042,-1.648,14.16
3665.9,21.8037,751623,-0.61865,0.0564,0.86133,-5.188,-1.831,15.198
3668.1,21.8059,751633,-0.60229,0.06006,0.8645,-5.249,-2.136,15.625
3682.9,21.8207,751643,-0.61719,0.05566,0.86206,-5.615,-3.601,15.137
3682.9,21.8207,751653,-0.60254,0.05566,0.85303,-5.981,-2.319,14.099
3699.1,21.8369,751663,-0.60474,0.05298,0.85669,-4.944,-2.93,14.771
3710.9,21.8487,751673,-0.60205,0.06567,0.84326,-5.676,-3.235,13.306
3727.0,21.8648,751683,-0.61646,0.05078,0.84937,-5.371,-2.747,13.123
3732.3,21.8701,751693,-0.62402,0.04834,0.83911,-5.859,-3.235,13.977
3742.4,21.8802,751703,-0.61401,0.05005,0.83765,-6.287,-4.944,15.076
3754.5,21.8923,751713,-0.6167,0.05176,0.82983,-5.188,-5.31,15.564
3754.5,21.8923,751723,-0.60156,0.04956,0.82739,-5.188,-4.944,14.16
3766.4,21.9042,751733,-0.60693,0.04932,0.83691,-4.883,-6.531,15.076
3784.1,21.9219,751743,-0.60669,0.04541,0.83911,-4.517,-6.409,15.503
3784.1,21.9219,751753,-0.60132,0.04468,0.83179,-4.578,-5.859,13.977
3842.7,21.9805,751801,-0.6377,0.05566,0.84692,-5.188,-7.935,16.602
3842.7,21.9805,751803,-0.62549,0.03979,0.8479,-4.761,-7.263,15.686
3842.7,21.9805,751804,-0.62549,0.03979,0.8479,-4.761,-7.263,15.686
3842.7,21.9805,751806,-0.62549,0.03979,0.8479,-4.761,-7.263,15.686
3849.5,21.9873,751807,-0.62549,0.03979,0.8479,-4.761,-7.263,15.686
3849.5,21.9873,751813,-0.62427,0.05688,0.84692,-5.188,-8.362,16.541
3859.8,21.9976,751823,-0.61938,0.03931,0.85669,-4.944,-9.583,15.93
3866.2,22.004,751833,-0.63013,0.03979,0.83691,-5.066,-8.362,14.465
3880.2,22.018,751843,-0.63647,0.05103,0.83838,-5.615,-8.545,15.93
3882.5,22.0203,751853,-0.63647,0.04956,0.83813,-5.066,-8.911,15.32
3913.3,22.0511,751863,-0.62964,0.05493,0.83691,-4.761,-9.277,15.808
3913.3,22.0511,751873,-0.62085,0.04663,0.83008,-5.493,-10.193,16.174
3915.8,22.0536,751883,-0.62817,0.04395,0.84204,-4.15,-8.911,15.015
3933.3,22.0711,751893,-0.63892,0.03418,0.83813,-4.517,-9.888,15.32
3933.3,22.0711,751903,-0.64282,0.04785,0.83569,-5.188,-10.986,17.944
3949.6,22.0874,751913,-0.65161,0.03711,0.84033,-4.883,-10.62,16.602
3959.3,22.0971,751923,-0.64355,0.02588,0.8418,-4.7,-10.986,15.381
3971.3,22.1091,751933,-0.65869,0.0376,0.84839,-5.188,-12.512,16.541
3983.5,22.1213,751943,-0.65234,0.04053,0.84106,-4.944,-11.841,15.381
4003.2,22.141,751953,-0.64087,0.03931,0.82642,-5.127,-12.573,15.747
4003.9,22.1417,751963,-0.64404,0.04053,0.83081,-5.371,-12.878,15.564
4007.2,22.145,751973,-0.62622,0.04077,0.8313,-5.188,-12.756,15.625
4024.8,22.1626,751983,-0.646,0.02417,0.81519,-5.371,-13.123,15.442
4032.9,22.1707,751993,-0.6416,0.0249,0.8252,-4.822,-13.0,15.198
4032.9,22.1707,752003,-0.62183,0.02686,0.81836,-4.761,-13.428,15.015
4049.1,22.1869,752013,-0.61694,0.01953,0.81763,-5.127,-14.832,15.381
4061.4,22.1992,752023,-0.60962,0.04102,0.81201,-4.7,-13.489,14.404
4066.0,22.2038,752033,-0.62549,0.03198,0.82251,-4.395,-13.123,14.526
4080.1,22.2179,752043,-0.61426,0.04321,0.82251,-4.639,-14.038,15.747
4104.3,22.2421,752053,-0.63135,0.03906,0.81641,-4.211,-14.832,15.503
4104.3,22.2421,752063,-0.62036,0.02905,0.82153,-4.211,-15.015,15.503
4104.3,22.2421,752073,-0.62793,0.02686,0.81348,-4.639,-16.357,16.541
4118.4,22.2562,752083,-0.6272,0.03442,0.82397,-4.822,-16.785,16.907
4133.0,22.2708,752093,-0.62939,0.03442,0.82397,-4.517,-14.099,15.015
4133.0,22.2708,752103,-0.64502,0.03442,0.8252,-3.845,-15.076,14.954
4149.2,22.287,752113,-0.64282,0.04004,0.8186,-5.066,-15.93,15.503
4161.2,22.299,752123,-0.64282,0.04297,0.80542,-4.15,-15.381,15.198
4173.5,22.3113,752133,-0.62036,0.03149,0.7915,-4.395,-16.785,16.174
4182.1,22.3199,752143,-0.62183,0.02515,0.80249,-4.089,-17.029,15.808
4203.5,22.3413,752153,-0.62476,0.04028,0.8186,-3.54,-16.663,15.259
4203.5,22.3413,752163,-0.63013,0.03027,0.80811,-3.418,-17.151,16.113
4211.4,22.3492,752173,-0.62378,0.02905,0.82373,-3.723,-16.663,16.846
4224.0,22.3618,752183,-0.63574,0.03027,0.82227,-3.601,-16.907,16.052
4239.0,22.3768,752193,-0.63745,0.03882,0.81738,-3.723,-17.944,16.907
4241.7,22.3795,752203,-0.63232,0.02905,0.82861,-4.7,-18.433,16.357
4249.3,22.3871,752213,-0.64307,0.02612,0.82837,-4.944,-18.005,15.93
4260.3,22.3981,752223,-0.63428,0.02832,0.80396,-5.127,-18.555,15.808
4272.6,22.4104,752233,-0.62378,0.0166,0.81592,-5.432,-18.677,15.991
4282.7,22.4205,752243,-0.63062,0.03076,0.81421,-4.822,-18.066,15.686
4290.3,22.4281,752253,-0.63647,0.01538,0.80298,-5.188,-18.066,15.93
4301.0,22.4388,752263,-0.62964,0.01367,0.79663,-5.371,-18.555,14.954
4301.0,22.4388,752273,-0.62988,0.02026,0.80957,-5.798,-19.836,15.625
4321.3,22.4591,752283,-0.60767,0.01123,0.79468,-5.615,-18.616,13.611
4330.1,22.4679,752293,-0.59888,0.0083,0.77783,-5.493,-19.287,15.076
4332.4,22.4702,752303,-0.59302,0.02026,0.75317,-5.371,-19.226,14.465
4349.4,22.4872,752313,-0.58594,0.01758,0.76392,-4.822,-19.226,15.32
4378.3,22.5161,752323,-0.60327,0.0127,0.76733,-5.493,-19.226,14.893
4378.3,22.5161,752333,-0.5896,0.0376,0.76685,-4.761,-19.409,15.137
4380.6,22.5184,752343,-0.58423,0.0188,0.76074,-4.578,-20.02,15.625
4391.3,22.5291,752353,-0.5874,0.01562,0.74707,-4.395,-20.264,15.869
4409.0,22.5468,752363,-0.56372,0.02319,0.75366,-4.944,-20.02,14.404
4409.0,22.5468,752373,-0.5542,0.01099,0.75244,-4.089,-19.226,14.343
4420.4,22.5582,752383,-0.56079,0.01221,0.74365,-4.517,-21.24,16.663
4430.2,22.568,752393,-0.56519,0.01733,0.75049,-3.723,-20.02,16.052
4443.0,22.5808,752403,-0.54785,0.0166,0.76147,-3.967,-19.653,15.32
4449.8,22.5876,752413,-0.54834,0.02368,0.76636,-4.272,-19.897,16.541
4452.0,22.5898,752423,-0.57324,0.03247,0.7583,-4.639,-20.081,16.785
4475.1,22.6129,752433,-0.56738,0.01196,0.76416,-4.517,-20.264,16.968
4481.8,22.6196,752443,-0.57471,0.02612,0.75244,-4.15,-20.508,16.846
4496.1,22.6339,752453,-0.56689,0.02002,0.77344,-3.174,-19.958,17.395
4508.1,22.6459,752463,-0.56787,0.03857,0.76196,-3.174,-20.63,17.456
4515.3,22.6531,752473,-0.59229,0.01123,0.77808,-3.174,-19.958,16.479
4523.6,22.6614,752483,-0.5835,0.021,0.79541,-3.235,-20.569,17.517
4532.4,22.6702,752493,-0.60986,0.00781,0.81372,-3.418,-20.203,16.785
4532.4,22.6702,752503,-0.58252,0.02026,0.78882,-3.723,-20.386,15.808
4549.2,22.687,752513,-0.58789,0.02466,0.79395,-3.418,-19.836,15.137
4549.2,22.687,752523,-0.57178,0.02197,0.78345,-5.188,-21.667,16.174
4572.0,22.7098,752533,-0.58203,0.02466,0.80371,-4.822,-21.057,15.625
4580.1,22.7179,752543,-0.57227,0.03027,0.78882,-4.456,-20.63,16.235
4594.5,22.7323,752553,-0.57397,0.02222,0.7915,-4.15,-20.691,15.503
4616.4,22.7542,752563,-0.57544,0.04468,0.80005,-3.906,-20.63,16.418
4616.4,22.7542,752573,-0.58423,0.01953,0.81177,-4.272,-19.653,14.343
4616.4,22.7542,752583,-0.56763,0.03076,0.80908,-4.639,-20.752,15.442
4636.2,22.774,752593,-0.55908,0.03784,0.81323,-4.272,-19.775,15.015
4636.2,22.774,752603,-0.53955,0.0293,0.7915,-4.272,-19.653,14.771
4649.6,22.7874,752613,-0.54565,0.03809,0.80078,-4.822,-19.836,15.259
4658.2,22.796,752623,-0.54395,0.04053,0.81836,-4.15,-19.165,15.32
4670.6,22.8084,752633,-0.55322,0.04883,0.80786,-4.639,-19.836,15.869
4680.1,22.8179,752643,-0.54272,0.03516,0.8208,-4.944,-20.02,15.93
4684.7,22.8225,752653,-0.54883,0.02905,0.83228,-5.493,-20.02,15.869
4716.3,22.8541,752663,-0.53809,0.0354,0.82544,-5.127,-20.142,15.93
4716.3,22.8541,752673,-0.53442,0.02637,0.81592,-5.981,-19.165,14.832
4716.3,22.8541,752683,-0.52197,0.03223,0.80518,-5.188,-18.86,16.235
4732.2,22.87,752693,-0.52368,0.03418,0.79224,-5.371,-19.104,17.09
4732.2,22.87,752703,-0.52075,0.03223,0.81274,-4.517,-17.334,15.442
4751.8,22.8896,752713,-0.55811,0.02979,0.81372,-4.089,-17.883,16.541
4758.7,22.8965,752723,-0.5415,0.03613,0.81812,-3.967,-17.395,15.625
4765.6,22.9034,752733,-0.5415,0.03076,0.82666,-4.517,-17.273,16.541
4780.2,22.918,752743,-0.53369,0.02661,0.81982,-4.944,-16.724,16.479
4783.1,22.9209,752753,-0.53784,0.02466,0.80957,-5.188,-17.395,16.907
4799.8,22.9376,752763,-0.56641,0.021,0.82959,-5.005,-15.808,16.418
4819.5,22.9573,752773,-0.57422,0.0166,0.81763,-4.333,-15.625,17.273
4819.5,22.9573,752783,-0.56641,0.01904,0.82129,-4.456,-15.503,16.968
4833.0,22.9708,752793,-0.59619,0.03271,0.8418,-3.845,-16.235,18.25
4833.0,22.9708,752803,-0.60522,0.03467,0.86279,-3.479,-16.113,17.822
4849.1,22.9869,752813,-0.59229,0.02148,0.84644,-3.479,-15.381,16.846
4860.6,22.9984,752823,-0.58594,0.03345,0.87671,-3.906,-14.832,15.503
4866.1,23.0039,752833,-0.60596,0.03638,0.87183,-5.31,-15.686,17.09
4881.0,23.0188,752843,-0.58838,0.02661,0.86987,-5.432,-14.893,16.785
4885.8,23.0236,752853,-0.59229,0.03979,0.87109,-5.554,-14.16,16.663
4899.3,23.0371,752863,-0.61523,0.02368,0.87183,-5.249,-14.404,15.869
4918.1,23.0559,752873,-0.6189,0.02222,0.86646,-5.676,-14.709,18.005
4923.3,23.0611,752883,-0.6438,0.02808,0.88428,-5.676,-14.893,15.991
4933.7,23.0715,752893,-0.6626,0.02295,0.88843,-5.92,-13.916,15.625
4933.7,23.0715,752903,-0.6377,0.0293,0.89502,-5.92,-13.733,13.794
4949.5,23.0873,752913,-0.61182,0.03198,0.8894,-6.775,-14.221,13.367
4949.5,23.0873,752923,-0.58032,0.01514,0.87866,-7.935,-14.587,14.954
4965.5,23.1033,752933,-0.57129,0.0249,0.87451,-8.057,-13.367,15.198
4983.0,23.1208,752943,-0.56934,0.0083,0.8645,-7.996,-12.573,15.442
4984.4,23.1222,752953,-0.58569,0.01416,0.83984,-7.935,-12.146,15.259
4999.0,23.1368,752963,-0.54688,0.01465,0.82446,-7.202,-12.329,16.418
5016.0,23.1538,752973,-0.56982,0.01318,0.83716,-7.019,-12.024,16.357
5016.0,23.1538,752983,-0.59961,0.01221,0.84888,-6.287,-10.864,14.404
5032.2,23.17,752993,-0.58105,0.00757,0.82324,-5.798,-12.268,15.747
5041.4,23.1792,753003,-0.57617,0.02319,0.84668,-5.859,-11.23,15.991
5049.1,23.1869,753013,-0.59546,0.00659,0.84912,-5.005,-11.841,16.785
5056.3,23.1941,753023,-0.5813,0.00708,0.86719,-4.761,-10.864,17.273
5066.1,23.2039,753033,-0.59351,0.01343,0.84961,-5.737,-10.925,17.273
5080.1,23.2179,753043,-0.58643,0.03027,0.90332,-4.822,-8.972,16.052
5082.9,23.2207,753053,-0.6311,0.01147,0.90234,-5.92,-8.484,16.357
5099.1,23.2369,753063,-0.63647,0.00659,0.90332,-6.165,-9.644,16.113
5127.1,23.2649,753073,-0.64209,0.01318,0.87866,-7.08,-9.277,16.357
5149.2,23.287,753083,-0.63501,0.01172,0.85376,-7.751,-9.094,15.503
5163.5,23.3013,753093,-0.64038,0.01001,0.87549,-7.812,-10.132,16.235
5163.5,23.3013,753103,-0.60498,0.00342,0.84717,-7.202,-8.362,14.954
5175.2,23.313,753113,-0.61206,0.00171,0.85181,-6.47,-9.949,16.174
5182.4,23.3202,753123,-0.60718,0.02002,0.84814,-5.615,-9.033,14.771
5182.4,23.3202,753133,-0.59644,0.01343,0.85522,-5.554,-7.996,15.259
5182.4,23.3202,753143,-0.59448,0.01807,0.85742,-6.409,-8.728,17.395
5198.3,23.3361,753153,-0.58228,0.02344,0.86157,-6.226,-8.972,17.456
5199.8,23.3376,753163,-0.59473,0.02026,0.85718,-6.47,-7.446,16.846
5229.1,23.3669,753173,-0.59302,0.00415,0.85303,-5.798,-7.446,16.418
5229.1,23.3669,753183,-0.60425,0.01904,0.84448,-6.531,-7.812,16.479
5233.7,23.3715,753193,-0.62476,0.01514,0.86279,-5.737,-8.24,18.982
5242.7,23.3805,753203,-0.59961,0.01196,0.83594,-6.104,-7.507,18.311
5249.2,23.387,753213,-0.62842,0.02661,0.84741,-5.981,-7.446,18.616
5263.5,23.4013,753223,-0.62671,0.00513,0.84277,-5.737,-7.263,17.395
5266.1,23.4039,753233,-0.62769,0.02734,0.84497,-6.287,-6.531,17.944
5280.1,23.4179,753243,-0.62158,0.00977,0.83252,-5.31,-5.798,17.273
5292.6,23.4304,753253,-0.63208,0.00366,0.854,-5.188,-6.165,18.494
5299.9,23.4377,753263,-0.64355,-0.00317,0.85156,-4.822,-5.005,17.273
5332.6,23.4704,753273,-0.64136,0.0144,0.84326,-5.432,-6.042,18.494
5332.6,23.4704,753283,-0.65015,-0.00049,0.84277,-5.31,-6.897,17.273
5333.6,23.4714,753293,-0.63452,-0.00391,0.84473,-4.761,-5.92,16.724
5342.9,23.4807,753303,-0.60815,0.00488,0.85034,-5.371,-5.859,17.334
5354.0,23.4918,753313,-0.60742,-0.00391,0.84229,-5.005,-5.188,17.09
5363.5,23.5013,753323,-0.65234,0.01074,0.85327,-5.127,-4.333,17.334
5368.3,23.5061,753333,-0.64014,-0.0022,0.85083,-4.883,-5.127,17.883
5384.5,23.5223,753343,-0.63428,0.00415,0.84937,-4.883,-4.578,17.334
5384.5,23.5223,753353,-0.63794,0.0,0.86548,-5.188,-5.432,18.25
5399.4,23.5372,753363,-0.64404,0.00977,0.84814,-5.554,-5.005,16.235
5410.1,23.5479,753373,-0.63306,0.00244,0.84595,-5.676,-4.761,17.822
5432.4,23.5702,753383,-0.63452,0.02539,0.81763,-6.165,-4.578,16.785
5432.4,23.5702,753393,-0.64282,0.00952,0.81006,-5.981,-4.089,17.883
5441.9,23.5797,753403,-0.66138,0.00464,0.83594,-5.31,-3.723,16.663
5452.8,23.5906,753413,-0.65674,0.00342,0.82446,-5.615,-5.127,18.005
5462.0,23.5998,753423,-0.65283,0.00781,0.81836,-5.188,-5.066,17.639
5466.5,23.6043,753433,-0.66821,0.01782,0.84082,-5.127,-4.15,16.663
5480.3,23.6181,753443,-0.64062,-0.00293,0.84253,-4.333,-4.639,16.602
5482.9,23.6207,753453,-0.64282,0.00854,0.85376,-4.517,-5.188,18.433
5499.3,23.6371,753463,-0.65625,0.00952,0.84033,-4.578,-3.662,16.968
5505.2,23.643,753473,-0.64941,0.01172,0.84155,-4.517,-5.554,19.043
5520.5,23.6583,753483,-0.66138,0.01221,0.83887,-4.333,-5.31,18.433
5532.9,23.6707,753493,-0.65283,0.01147,0.82642,-4.7,-5.493,18.188
5549.2,23.687,753503,-0.65283,0.01465,0.84375,-4.456,-5.005,17.7
5549.2,23.687,753513,-0.63623,0.01904,0.85742,-4.089,-4.883,17.09
5565.7,23.7035,753523,-0.63501,0.01074,0.85156,-5.188,-4.395,17.944
5574.0,23.7118,753533,-0.67017,0.0354,0.84399,-5.615,-3.357,17.7
5580.2,23.718,753543,-0.67017,0.01636,0.84692,-5.737,-3.662,18.188
5599.2,23.737,753553,-0.67651,-0.00073,0.82544,-5.92,-5.31,18.555
5601.2,23.739,753563,-0.67285,-0.00562,0.80029,-5.432,-4.822,17.822
5624.9,23.7627,753573,-0.69336,0.00366,0.80664,-4.883,-5.005,17.639
5632.7,23.7705,753583,-0.68042,-0.00098,0.81226,-3.967,-4.395,16.113
5632.7,23.7705,753593,-0.66577,0.00659,0.82446,-3.174,-5.066,16.846
5632.7,23.7705,753603,-0.68555,0.01099,0.84229,-3.662,-6.226,16.235
5649.8,23.7876,753613,-0.66992,0.01953,0.82983,-4.333,-6.042,17.334
5649.8,23.7876,753623,-0.66602,0.00977,0.83862,-4.456,-6.104,17.7
5665.6,23.8034,753633,-0.65771,0.01855,0.83936,-4.272,-6.165,16.846
5680.2,23.818,753643,-0.65796,0.0083,0.81982,-4.211,-5.615,17.151
5682.5,23.8203,753653,-0.66846,0.0188,0.81396,-4.578,-5.31,16.602
5699.3,23.8371,753663,-0.65234,0.02881,0.82764,-4.456,-6.714,17.822
5708.9,23.8467,753673,-0.67651,0.02539,0.82788,-4.395,-6.592,18.738
5724.9,23.8627,753683,-0.67554,0.01831,0.82007,-3.845,-6.531,18.86
5738.0,23.8758,753693,-0.68433,0.01465,0.82202,-3.479,-5.92,19.165
5738.0,23.8758,753703,-0.69751,0.01147,0.83081,-4.211,-5.981,18.677
5749.3,23.8871,753713,-0.69434,0.00757,0.84009,-4.578,-5.92,17.7
5749.3,23.8871,753723,-0.70312,0.00659,0.83472,-4.333,-5.432,17.883
5765.7,23.9035,753733,-0.69604,0.01367,0.8252,-4.639,-5.981,17.822
5780.5,23.9183,753743,-0.69482,0.00024,0.80566,-3.845,-6.042,19.287
5781.8,23.9196,753753,-0.69385,0.00513,0.80933,-2.991,-6.531,19.592
5828.0,23.9658,753763,-0.7395,0.0127,0.81152,-1.709,-7.507,19.165
5842.1,23.9799,753804,-0.74634,0.02173,0.88428,-1.282,-7.385,17.761
5855.4,23.9932,753805,-0.74634,0.02173,0.88428,-1.282,-7.385,17.761
5855.4,23.9932,753807,-0.74634,0.02173,0.88428,-1.282,-7.385,17.761
5855.4,23.9932,753808,-0.76318,0.01367,0.89551,-1.77,-7.141,17.578
5855.4,23.9932,753813,-0.76318,0.01367,0.89551,-2.136,-7.324,18.677
5860.1,23.9979,753823,-0.76294,0.01562,0.92285,-2.441,-8.24,18.127
5865.8,24.0036,753833,-0.78516,0.02759,0.9292,-3.418,-7.08,19.226
5880.2,24.018,753843,-0.78979,0.0293,0.92798,-3.784,-6.592,18.982
5882.5,24.0203,753853,-0.80371,0.02393,0.91382,-3.479,-7.507,19.287
5900.0,24.0378,753863,-0.80615,0.0188,0.90747,-4.639,-7.935,17.212
5905.1,24.0429,753873,-0.81592,0.02051,0.91577,-4.883,-8.728,17.7
5916.0,24.0538,753883,-0.81494,0.0271,0.88379,-4.395,-7.507,16.724
5934.0,24.0718,753893,-0.80444,0.02368,0.88647,-4.089,-8.057,17.822
5943.7,24.0815,753903,-0.80859,0.02002,0.88599,-3.235,-9.033,18.433
5959.6,24.0974,753913,-0.82178,0.01831,0.88892,-3.235,-9.155,18.677
5959.6,24.0974,753923,-0.81299,0.03247,0.89917,-2.869,-9.033,17.944
5966.1,24.1039,753933,-0.82715,0.02222,0.91528,-3.174,-8.362,18.25
5982.7,24.1205,753943,-0.83179,0.02344,0.90552,-3.479,-7.263,17.334
5991.2,24.129,753953,-0.83936,0.02954,0.9043,-4.089,-8.423,17.395
6000.3,24.1381,753963,-0.82397,0.02148,0.8999,-4.456,-9.277,17.7
6000.3,24.1381,753973,-0.83643,0.02222,0.90942,-4.883,-9.583,17.151
6032.3,24.1701,753983,-0.81445,0.02539,0.88257,-4.395,-9.399,16.479
6032.3,24.1701,753993,-0.8103,0.03027,0.90063,-5.005,-9.094,16.174
6045.2,24.183,754003,-0.79639,0.03906,0.89429,-5.249,-8.85,15.747
6049.3,24.1871,754013,-0.78516,0.02637,0.88013,-5.249,-9.521,16.174
6049.3,24.1871,754023,-0.7959,0.01147,0.88013,-5.127,-9.277,16.174
6065.8,24.2036,754033,-0.78369,0.0415,0.87158,-4.7,-8.667,14.648
6083.1,24.2209,754043,-0.75708,0.0144,0.85474,-4.272,-9.644,15.625
6092.1,24.2299,754053,-0.75513,0.02148,0.87012,-4.028,-9.644,16.541
6100.7,24.2385,754063,-0.72729,0.02393,0.86719,-4.333,-9.033,16.235
6108.9,24.2467,754073,-0.73853,0.01489,0.86792,-4.822,-8.057,16.724
6116.1,24.2539,754083,-0.75122,0.03296,0.84741,-5.554,-9.216,18.677
6130.3,24.2681,754093,-0.76733,0.02734,0.84326,-5.554,-9.033,18.005
6149.1,24.2869,754103,-0.75952,0.00562,0.84277,-5.066,-9.46,16.846
6149.1,24.2869,754113,-0.78711,0.00928,0.82129,-5.005,-10.376,17.639
6149.1,24.2869,754123,-0.7644,0.00464,0.83813,-3.845,-11.108,17.212
6165.8,24.3036,754133,-0.7583,0.01123,0.83813,-3.723,-11.169,17.029
6182.5,24.3203,754143,-0.76831,0.01611,0.85742,-3.54,-10.315,16.541
6182.5,24.3203,754153,-0.75488,0.0249,0.86206,-3.845,-10.132,17.334
6200.9,24.3387,754163,-0.73486,0.01392,0.84204,-4.211,-9.583,16.235
6210.5,24.3483,754173,-0.75537,0.01953,0.85303,-5.554,-9.155,16.602
6215.9,24.3537,754183,-0.74341,0.01465,0.82446,-5.798,-9.827,15.747
6230.1,24.3679,754193,-0.74902,0.01172,0.80615,-5.737,-10.376,16.235
6249.4,24.3872,754203,-0.74731,0.0127,0.79102,-5.981,-10.681,16.541
6249.4,24.3872,754213,-0.73999,0.02271,0.80127,-5.737,-11.78,17.029
6258.2,24.396,754223,-0.73315,0.02393,0.79663,-6.165,-12.268,17.578
6266.1,24.4039,754233,-0.73657,0.0083,0.78662,-5.493,-11.23,17.639
6283.0,24.4208,754243,-0.71021,0.02637,0.77148,-5.249,-11.292,17.09
6283.0,24.4208,754253,-0.73828,0.00269,0.7749,-5.554,-11.108,16.724
6300.9,24.4387,754263,-0.71216,0.03076,0.771,-5.554,-11.353,16.052
6300.9,24.4387,754273,-0.72388,0.02002,0.76099,-5.859,-11.841,16.113
6324.6,24.4624,754283,-0.72778,0.02612,0.73682,-6.042,-12.451,17.639
6330.2,24.468,754293,-0.7063,0.0144,0.74292,-4.395,-13.184,16.907
6352.7,24.4905,754303,-0.7019,0.03125,0.74829,-4.211,-13.306,16.968
6352.7,24.4905,754313,-0.71582,0.03027,0.7439,-2.747,-13.489,16.663
6352.7,24.4905,754323,-0.70312,0.03027,0.77954,-2.991,-12.817,16.846
6369.2,24.507,754333,-0.70581,0.04419,0.77783,-3.418,-13.733,18.066
6377.4,24.5152,754343,-0.70776,0.04053,0.79761,-3.662,-13.0,17.395
6388.5,24.5263,754353,-0.73486,0.02832,0.79688,-4.578,-13.245,18.677
6403.4,24.5412,754363,-0.7146,0.03223,0.79004,-5.615,-13.55,18.494
6410.8,24.5486,754373,-0.73828,0.0354,0.77905,-6.226,-14.038,18.188
6420.5,24.5583,754383,-0.71851,0.02832,0.74268,-6.836,-12.756,16.541
6430.8,24.5686,754393,-0.73242,0.02417,0.74023,-6.897,-13.428,18.433
6443.7,24.5815,754403,-0.7229,0.01611,0.70361,-6.592,-13.55,16.602
6454.7,24.5925,754413,-0.74756,-0.00391,0.70825,-4.7,-15.259,18.005
6463.0,24.6008,754423,-0.73145,-0.00464,0.69556,-3.784,-15.015,17.395
6472.3,24.6101,754433,-0.73657,0.00708,0.71045,-2.441,-17.334,19.104
6478.9,24.6167,754443,-0.74976,0.00488,0.74805,-1.587,-16.724,17.456
6478.9,24.6167,754453,-0.75415,0.01099,0.7627,-1.77,-16.235,16.663
6501.1,24.6389,754463,-0.75049,0.02954,0.78833,-2.686,-16.357,16.785
6513.6,24.6514,754473,-0.74048,0.01392,0.78979,-4.089,-17.212,17.456
6520.9,24.6587,754483,-0.74048,0.0188,0.78394,-4.578,-17.334,17.151
6532.0,24.6698,754493,-0.76733,-0.00073,0.77271,-6.104,-17.578,18.555
6540.7,24.6785,754503,-0.76978,0.01611,0.75195,-5.493,-18.86,18.005
6562.1,24.6999,754513,-0.77026,0.0061,0.74561,-4.7,-18.005,16.907
6562.5,24.7003,754523,-0.75342,0.02881,0.74805,-4.089,-20.386,15.808
6571.4,24.7092,754533,-0.74268,0.02148,0.74756,-3.357,-22.034,16.846
6576.3,24.7141,754543,-0.75464,0.0144,0.77173,-3.052,-21.057,16.052
6595.5,24.7333,754553,-0.7561,0.02002,0.77197,-3.174,-20.386,16.541
6597.4,24.7352,754563,-0.7605,0.01074,0.82007,-3.418,-20.996,17.395
6603.3,24.7411,754573,-0.75073,0.00366,0.81519,-4.822,-20.325,17.761
6619.1,24.7569,754583,-0.78027,0.01978,0.80005,-5.493,-21.179,17.517
6630.8,24.7686,754593,-0.78589,0.01294,0.78296,-6.226,-21.545,16.785
6640.2,24.778,754603,-0.75928,0.00586,0.76147,-6.409,-22.339,17.212
6650.5,24.7883,754613,-0.7688,0.00952,0.7644,-5.737,-22.827,16.174
6650.5,24.7883,754623,-0.75732,-0.00366,0.7561,-4.944,-24.963,17.151
6671.9,24.8097,754633,-0.75708,0.02197,0.76367,-4.639,-25.085,15.869
6683.1,24.8209,754643,-0.7666,0.01855,0.75439,-4.15,-25.146,16.663
6683.1,24.8209,754653,-0.80127,0.00732,0.77124,-4.333,-26.855,16.113
6697.2,24.835,754663,-0.78955,0.00293,0.75635,-2.686,-26.978,14.771
6705.1,24.8429,754673,-0.75391,0.01416,0.79565,-2.625,-27.771,13.977
6713.0,24.8508,754683,-0.71216,0.01709,0.81494,-1.953,-26.55,12.817
6728.7,24.8665,754693,-0.71362,0.03345,0.83276,-3.052,-26.733,14.465
6732.3,24.8701,754703,-0.72656,0.0459,0.8728,-3.784,-26.245,14.221
6744.8,24.8826,754713,-0.6748,0.03564,0.7937,-6.348,-30.518,15.808
6760.7,24.8985,754723,-0.70215,0.00391,0.81274,-6.836,-26.184,16.113
6764.4,24.9022,754733,-0.67773,0.01245,0.79248,-7.324,-26.794,15.625
6776.4,24.9142,754743,-0.68945,0.00928,0.77344,-6.775,-27.405,16.968
6776.4,24.9142,754753,-0.68286,-0.02246,0.76807,-5.127,-28.809,16.724
6801.6,24.9394,754763,-0.69995,-0.0127,0.77734,-4.578,-28.992,16.479
6808.2,24.946,754773,-0.69824,0.00879,0.78174,-3.967,-31.616,17.212
6812.0,24.9498,754783,-0.70508,-0.00195,0.78979,-3.479,-30.396,17.334
6830.6,24.9684,754793,-0.69092,-0.01733,0.78833,-3.479,-29.724,15.503
6840.2,24.978,754803,-0.70508,-0.00171,0.80713,-3.54,-30.823,16.541
6856.0,24.9938,754813,-0.71533,-0.01001,0.79053,-3.967,-31.25,15.625
6871.8,25.0096,754823,-0.70312,0.00073,0.81201,-3.479,-31.738,16.052
6871.8,25.0096,754833,-0.7019,-0.00464,0.83472,-3.235,-31.616,15.259
6880.7,25.0185,754843,-0.70483,0.02368,0.84717,-3.967,-33.02,14.16
6887.9,25.0257,754853,-0.68433,0.03223,0.84253,-4.15,-33.875,15.625
6913.9,25.0517,754863,-0.64941,0.02246,0.8313,-4.7,-32.593,13.123
6913.9,25.0517,754873,-0.64233,0.0354,0.83643,-4.578,-33.325,14.343
6919.6,25.0574,754883,-0.62622,0.00732,0.82593,-4.7,-31.799,12.939
6936.8,25.0746,754893,-0.62549,0.01782,0.82617,-4.333,-32.227,14.16
6936.8,25.0746,754903,-0.6084,0.02441,0.83472,-4.272,-32.654,15.93
6936.8,25.0746,754913,-0.62744,0.01562,0.84668,-4.517,-32.288,15.991
6967.4,25.1052,754923,-0.62573,0.0022,0.8252,-4.944,-33.142,16.296
6967.4,25.1052,754933,-0.6272,0.00073,0.84155,-4.822,-32.776,16.418
6967.4,25.1052,754943,-0.63501,-0.00879,0.81689,-4.883,-32.898,16.724
6982.6,25.1204,754953,-0.64087,0.00293,0.83032,-3.174,-34.058,17.09
6998.8,25.1366,754963,-0.65503,0.00659,0.85669,-1.831,-33.875,15.503
7002.8,25.1406,754973,-0.63843,0.01294,0.85669,-1.892,-34.424,16.724
7014.6,25.1524,754983,-0.61841,0.00391,0.89209,-2.441,-33.875,14.587
7030.1,25.1679,754993,-0.6084,0.00073,0.88745,-2.136,-31.799,14.221
7035.3,25.1731,755003,-0.60278,0.00439,0.89819,-2.38,-32.104,14.526
7045.8,25.1836,755013,-0.59937,0.0105,0.92065,-3.357,-32.227,15.32
7061.8,25.1996,755023,-0.59204,0.00073,0.93164,-3.601,-31.921,15.137
7061.8,25.1996,755033,-0.57983,0.0022,0.94092,-3.723,-32.837,14.893
7077.8,25.2156,755043,-0.57739,-0.01636,0.927,-4.517,-30.823,15.808
7077.8,25.2156,755053,-0.56592,-0.03467,0.92578,-4.028,-30.151,15.503
7093.8,25.2316,755063,-0.57788,-0.00439,0.90796,-5.066,-30.823,16.785
7109.8,25.2476,755073,-0.53979,-0.01465,0.88989,-3.845,-29.48,16.113
7125.8,25.2636,755083,-0.53687,-0.01636,0.89258,-3.113,-28.198,17.578
7125.8,25.2636,755093,-0.56445,0.01807,0.92651,-2.686,-28.32,19.348
7125.8,25.2636,755103,-0.55396,0.14062,0.8291,-2.563,-26.794,21.057
7153.9,25.2917,755113,-0.49219,-0.01538,1.01538,-3.113,-27.954,21.545
7173.8,25.3116,755123,-0.60107,-0.02222,1.02856,-2.686,-27.405,22.4
7173.8,25.3116,755133,-0.7981,0.09326,0.87671,-2.38,-28.32,20.264
7177.3,25.3151,755143,-0.7207,0.02686,0.94727,-2.136,-28.931,17.883
7192.1,25.3299,755153,-0.66968,0.02832,0.94629,-2.38,-27.893,15.442
7210.2,25.348,755163,-0.68384,0.07715,1.01636,-2.441,-28.503,13.733
7210.2,25.348,755173,-0.64429,0.04614,0.99023,-4.761,-29.053,12.512
7213.6,25.3514,755183,-0.56738,0.03857,1.05957,-5.554,-29.846,13.916
7222.2,25.36,755193,-0.55225,-0.02271,0.99414,-8.667,-26.245,13.489
7238.9,25.3767,755203,-0.64722,0.06177,0.95923,-7.446,-24.231,13.489
7244.2,25.382,755213,-0.60352,0.07642,0.91968,-8.24,-22.583,12.268
7276.0,25.4138,755223,-0.56519,-0.04565,0.89795,-9.766,-23.743,14.587
7276.0,25.4138,755233,-0.58008,0.01318,0.82861,-8.728,-23.682,13.367
7276.0,25.4138,755243,-0.59131,0.01294,0.79541,-7.996,-24.963,13.794
7284.2,25.422,755253,-0.54175,-0.00806,0.81006,-6.592,-26.001,13.367
7301.6,25.4394,755263,-0.51953,0.01587,0.83276,-4.761,-26.062,12.512
7311.7,25.4495,755273,-0.52173,0.04053,0.82666,-5.127,-26.55,13.123
7319.0,25.4568,755283,-0.4668,0.01733,0.82568,-4.883,-25.33,13.245
7330.6,25.4684,755293,-0.4314,0.02563,0.82275,-5.737,-24.353,13.916
7330.6,25.4684,755303,-0.45117,0.021,0.81958,-6.348,-22.339,13.916
7346.7,25.4845,755313,-0.43872,0.03394,0.78442,-6.897,-21.057,15.198
7346.7,25.4845,755323,-0.44434,0.01562,0.77197,-7.446,-23.376,16.541
7387.8,25.5256,755333,-0.43408,0.02637,0.76538,-7.812,-20.508,15.259
7387.8,25.5256,755343,-0.4397,0.00391,0.75293,-9.216,-21.24,15.808
7395.8,25.5336,755353,-0.45776,0.01123,0.68066,-9.766,-21.606,16.174
7410.3,25.5481,755363,-0.43604,0.01172,0.65576,-9.46,-22.156,14.771
7453.4,25.5912,755373,-0.41113,0.00879,0.64233,-9.399,-22.705,14.648
7453.4,25.5912,755383,-0.40723,0.00342,0.6062,-8.606,-21.423,13.977
7453.4,25.5912,755393,-0.40601,0.00488,0.59326,-7.568,-21.301,14.771
7453.4,25.5912,755403,-0.36597,0.01978,0.55615,-6.592,-20.63,14.954
7453.4,25.5912,755413,-0.36353,0.01465,0.55566,-6.104,-20.203,15.686
7457.1,25.5949,755423,-0.36328,0.00391,0.5415,-5.005,-20.02,16.968
7473.0,25.6108,755433,-0.33789,0.03394,0.51465,-4.395,-19.531,15.747
7473.0,25.6108,755443,-0.36035,0.02759,0.50952,-2.747,-18.921,16.663
7489.0,25.6268,755453,-0.37354,0.02686,0.52588,-1.526,-20.752,17.883
7489.0,25.6268,755463,-0.36328,0.02002,0.53735,-0.183,-20.142,17.883
7505.9,25.6437,755473,-0.39453,0.02173,0.55566,0.854,-21.667,18.005
7520.8,25.6586,755483,-0.38135,0.03174,0.58057,1.892,-21.851,17.883
7520.8,25.6586,755493,-0.3855,0.04614,0.58252,1.892,-22.156,17.578
7539.1,25.6769,755503,-0.38208,0.03784,0.625,2.502,-21.24,19.165
7552.0,25.6898,755513,-0.38623,0.03931,0.6499,3.54,-21.667,20.569
7552.0,25.6898,755523,-0.40771,0.04956,0.6792,3.784,-21.545,21.729
7583.7,25.7215,755533,-0.448,0.03589,0.71338,4.089,-19.165,22.217
7583.7,25.7215,755543,-0.48413,0.04736,0.7522,4.333,-20.142,21.057
7586.4,25.7242,755553,-0.4978,0.05396,0.76807,3.845,-22.156,22.766
7602.9,25.7407,755563,-0.51904,0.05054,0.8186,4.272,-20.386,21.545
7617.2,25.755,755573,-0.54224,0.05493,0.85254,4.089,-21.973,22.095
7620.3,25.7581,755583,-0.54932,0.04102,0.87671,3.723,-21.606,22.217
7630.4,25.7682,755593,-0.56934,0.04028,0.91089,3.54,-20.203,21.118
7631.3,25.7691,755603,-0.60522,0.04028,0.93359,2.686,-20.935,21.301
7651.0,25.7888,755613,-0.59302,0.04272,0.95703,2.747,-20.447,20.691
7661.0,25.7988,755623,-0.60962,0.03491,0.98169,2.258,-20.081,20.325
7677.7,25.8155,755633,-0.62573,0.03296,0.99536,2.319,-20.63,20.996
7677.7,25.8155,755643,-0.6333,0.03491,1.01733,1.465,-20.325,21.118
7693.4,25.8312,755653,-0.68091,0.03271,1.0542,0.671,-19.226,20.081
7703.0,25.8408,755663,-0.6936,0.05762,1.06885,-1.343,-20.081,19.348
7709.3,25.8471,755673,-0.68555,0.04346,1.07422,-2.686,-20.081,18.066
7712.0,25.8498,755683,-0.68921,0.06299,1.0498,-4.272,-20.142,17.212
7725.0,25.8628,755693,-0.66772,0.04541,1.03369,-5.92,-19.836,15.93
7740.9,25.8787,755703,-0.65576,0.04517,1.02417,-6.042,-19.287,14.771
7740.9,25.8787,755713,-0.60889,0.03638,0.9856,-5.92,-18.799,14.099
7756.9,25.8947,755723,-0.60791,0.03125,0.97412,-6.226,-18.799,14.587
7756.9,25.8947,755733,-0.59058,0.03418,0.97314,-5.798,-18.921,14.648
7775.6,25.9134,755743,-0.57495,0.05078,0.95581,-5.493,-19.836,15.625
7788.5,25.9263,755753,-0.5625,0.052,0.94653,-5.066,-20.63,16.113
7788.5,25.9263,755763,-0.55542,0.01611,0.94312,-4.456,-19.409,14.404
7837.1,25.9749,755804,-0.54468,0.03076,0.93188,-5.127,-19.165,16.663
7837.1,25.9749,755806,-0.54468,0.03076,0.93188,-5.127,-19.165,16.663
7845.5,25.9833,755807,-0.54956,0.02271,0.92969,-5.676,-19.409,17.395
7845.5,25.9833,755809,-0.54956,0.02271,0.92969,-5.676,-19.409,17.395
7845.5,25.9833,755813,-0.53735,0.03027,0.896,-5.676,-17.822,15.564
7857.7,25.9955,755823,-0.54419,0.02686,0.90015,-5.676,-18.555,16.602
7870.5,26.0083,755833,-0.5083,0.02319,0.8772,-5.859,-17.517,15.869
7892.6,26.0304,755843,-0.50977,0.03003,0.85913,-5.676,-17.761,15.625
7893.1,26.0309,755853,-0.49634,0.02393,0.86182,-5.92,-17.822,15.503
7899.8,26.0376,755863,-0.48218,0.03296,0.84961,-5.127,-17.212,16.479
7903.7,26.0415,755873,-0.46826,0.02637,0.83008,-5.066,-17.212,15.869
7917.1,26.0549,755883,-0.46875,0.03613,0.80762,-5.432,-17.029,16.357
7917.1,26.0549,755893,-0.46216,0.03687,0.81812,-4.272,-16.724,17.517
7932.9,26.0707,755903,-0.46851,0.02954,0.80225,-3.479,-16.846,18.677
7951.1,26.0889,755913,-0.48779,0.03809,0.79492,-2.991,-16.296,18.433
7951.1,26.0889,755923,-0.48267,0.0437,0.80469,-1.892,-16.907,18.738
7968.7,26.1065,755933,-0.48511,0.03613,0.81665,-1.709,-17.517,18.738
7995.7,26.1335,755943,-0.49048,0.03174,0.83569,-1.343,-18.616,19.531
7995.7,26.1335,755953,-0.49219,0.04541,0.854,-0.977,-17.578,18.555
7998.1,26.1359,755963,-0.49927,0.03174,0.86304,-1.221,-16.113,18.555
8009.9,26.1477,755973,-0.49902,0.03296,0.85986,-1.587,-16.174,19.592
8009.9,26.1477,755983,-0.51855,0.02686,0.87329,-1.282,-16.052,19.897
8025.7,26.1635,755993,-0.51196,0.04272,0.87573,-1.709,-16.602,20.02
8040.5,26.1783,756003,-0.52734,0.04077,0.88013,-0.977,-15.869,19.348
8041.5,26.1793,756013,-0.52954,0.03345,0.87476,-0.977,-16.235,19.653
8057.4,26.1952,756023,-0.55615,0.03198,0.90186,-0.793,-15.991,18.799
8057.4,26.1952,756033,-0.54028,0.04517,0.90405,-1.831,-17.456,19.714
8093.2,26.231,756043,-0.55811,0.02222,0.90381,-1.709,-15.991,18.066
8093.2,26.231,756053,-0.54224,0.02905,0.8916,-0.977,-16.418,18.799
8093.2,26.231,756063,-0.54053,0.02466,0.91577,-1.648,-16.724,19.226
8105.2,26.243,756073,-0.55396,0.02539,0.93555,-1.282,-15.503,18.555
8123.7,26.2615,756083,-0.53833,0.02759,0.92676,-1.221,-14.709,18.188
8123.7,26.2615,756093,-0.54785,0.03857,0.92505,-1.831,-15.381,18.921
8136.8,26.2746,756103,-0.54785,0.0271,0.93286,-1.709,-15.503,19.226
8136.8,26.2746,756113,-0.54834,0.00439,0.93213,-1.648,-15.564,19.287
8153.7,26.2915,756123,-0.55835,0.02612,0.94067,-2.075,-15.381,19.409
8168.4,26.3062,756133,-0.56616,0.02466,0.94043,-2.197,-13.977,19.348
8168.4,26.3062,756143,-0.57422,0.01221,0.94629,-2.747,-15.503,20.325
8184.2,26.322,756153,-0.57788,0.01489,0.94971,-2.991,-14.648,19.592
8207.9,26.3457,756163,-0.5791,0.01025,0.95728,-4.028,-14.526,18.921
8207.9,26.3457,756173,-0.58496,-0.01392,0.92456,-5.31,-14.282,17.273
8221.0,26.3588,756183,-0.57788,-0.02612,0.92334,-5.737,-13.794,17.822
8233.6,26.3714,756193,-0.56641,-0.03906,0.89575,-6.104,-13.794,17.334
8235.3,26.3731,756203,-0.54761,-0.0603,0.83618,-6.226,-15.198,18.372
8247.6,26.3854,756213,-0.53442,-0.05957,0.82178,-4.211,-13.855,19.592
8263.4,26.4012,756223,-0.54492,-0.07446,0.82715,-3.967,-13.184,19.043
8263.4,26.4012,756233,-0.56152,-0.08447,0.83057,-1.343,-13.0,20.081
8312.3,26.4501,756243,-0.58228,-0.08545,0.84229,0.732,-12.878,21.423
8313.4,26.4512,756253,-0.59082,-0.08813,0.88403,0.977,-13.184,22.034
8313.4,26.4512,756263,-0.64282,-0.09424,0.93481,1.099,-12.451,21.24
8313.4,26.4512,756273,-0.65332,-0.0708,0.9397,-0.854,-13.916,21.484
8320.5,26.4583,756283,-0.67334,-0.08276,0.96362,-1.587,-13.367,19.653
8331.7,26.4695,756293,-0.68091,-0.07349,0.94946,-3.113,-14.465,16.846
8336.9,26.4747,756303,-0.65942,-0.07812,0.94922,-5.859,-15.076,15.076
8345.1,26.4829,756313,-0.61646,-0.06982,0.9458,-6.958,-15.198,14.404
8353.2,26.491,756323,-0.58154,-0.07178,0.86621,-8.362,-14.771,13.123
8369.1,26.5069,756333,-0.54614,-0.0625,0.83423,-9.033,-13.916,12.451
8369.1,26.5069,756343,-0.49756,-0.08936,0.78833,-8.789,-13.794,13.123
8403.7,26.5415,756353,-0.43018,-0.10718,0.76001,-4.333,-11.169,15.808
8403.7,26.5415,756363,-0.51221,-0.05835,0.7998,-0.916,-7.996,19.836
8406.9,26.5447,756373,-0.56299,-0.07251,0.83936,-0.183,-10.315,22.888
8416.8,26.5546,756383,-0.66455,-0.0376,0.85254,1.587,-14.648,23.193
8432.6,26.5704,756393,-0.75732,0.02124,0.8479,2.869,-12.512,19.47
8434.7,26.5725,756403,-0.75806,0.05347,0.89868,3.296,-10.681,17.7
8448.4,26.5862,756413,-0.54956,-0.04639,1.01953,1.587,-15.32,15.808
8456.7,26.5945,756423,-0.56519,0.02686,0.97388,0.427,-12.573,16.174
8476.3,26.6141,756433,-0.65088,0.03784,0.99487,-0.183,-11.841,16.235
8480.3,26.6181,756443,-0.61401,0.01685,1.04907,-3.296,-12.817,16.785
8505.6,26.6434,756453,-0.65137,0.04785,1.02563,-5.493,-13.306,16.174
8505.6,26.6434,756463,-0.64795,0.07812,1.00342,-6.836,-12.878,14.709
8511.5,26.6493,756473,-0.61768,0.06323,0.98413,-8.301,-11.536,13.123
8523.2,26.661,756483,-0.55249,0.0354,0.92334,-8.972,-10.925,12.695
8532.2,26.67,756493,-0.55957,0.04858,0.88867,-9.155,-11.108,12.451
8541.3,26.6791,756503,-0.57007,0.03418,0.91138,-8.85,-9.888,10.559
8549.5,26.6873,756513,-0.50146,0.00073,0.86108,-7.385,-12.939,11.902
